DP28_25081_Section3_10X_ome_copy.tif - MIA	12.4	100	Points	'Primordial'	1319.6	324.42	1	Points	'Primordial'	1319.9	336.86	1
DP28_25081_Section3_10X_ome_copy.tif - MIA	10.8	100	Points	'Secondary'	1387.6	405.01	1	Points	'Primordial'	1397.8	401.34	1
DP28_25081_Section3_10X_ome_copy.tif - MIA	0.8	100	Points	'Primary'	1359.1	395.95	1	Points	'Primary'	1358.4	396.31	1
DP28_25081_Section3_10X_ome_copy.tif - MIA	1.2	100	Points	'Primordial'	537.45	1636.0	1	Points	'Primordial'	537.13	1637.2	1
DP28_25081_Section3_10X_ome_copy.tif - MIA	7.2	100	Points	'Transitional Primordial'	555.41	1593.3	1	Points	'Primordial'	554.91	1600.5	1
DP28_25081_Section3_10X_ome_copy.tif - MIA	0.9	100	Points	'Primordial'	1115.4	1582.3	1	Points	'Primordial'	1115.6	1583.2	1
DP28_25081_Section3_10X_ome_copy.tif - MIA	0.8	100	Points	'Primordial'	1097.0	1612.0	1	Points	'Primordial'	1096.5	1611.4	1
DP28_25081_Section3_10X_ome_copy.tif - MIA	1.8	100	Points	'Primordial'	234.48	388.56	1	Points	'Primordial'	232.84	389.19	1
DP28_25081_Section3_10X_ome_copy.tif - MIA	2.9	100	Points	'Primordial'	482.84	1544.9	1	Points	'Primordial'	485.75	1544.9	1
DP28_25081_Section3_10X_ome_copy.tif - MIA	0.5	100	Points	'Primordial'	1163.7	1557.3	1	Points	'Primordial'	1163.3	1557.6	1
DP28_25081_Section3_10X_ome_copy.tif - MIA	1.7	100	Points	'Primordial'	1059.2	120.59	1	Points	'Primordial'	1058.6	118.95	1
DP28_25081_Section3_10X_ome_copy.tif - MIA	6.8	100	Points	'Primordial'	1137.8	175.31	1	Points	'Primordial'	1131.0	174.58	1
DP28_25081_Section3_10X_ome_copy.tif - MIA	0.4	100	Points	'Primordial'	925.44	93.59	1	Points	'Primordial'	925.39	93.18	1
DP28_25081_Section3_10X_ome_copy.tif - MIA	9.0	100	Points	'Primordial'	1071.7	139.84	1	Points	'Primordial'	1080.3	137.04	1
DP28_25081_Section3_10X_ome_copy.tif - MIA	0.4	100	Points	'Transitional Primordial'	1260.1	288.87	1	Points	'Unkown?'	1259.8	288.55	1
DP28_25081_Section3_10X_ome_copy.tif - MIA	8.3	100	Points	'Transitional Primordial'	1412.4	429.1	1	Points	'Primordial'	1410.0	421.11	1
DP28_25081_Section3_10X_ome_copy.tif - MIA	1.0	100	Points	'Primordial'	882.32	87.15	1	Points	'Primordial'	881.28	87.18	1
DP28_25081_Section3_10X_ome_copy.tif - MIA	0.5	100	Points	'Primordial'	507.72	1584.7	1	Points	'Primordial'	507.32	1585.0	1
DP28_25081_Section3_10X_ome_copy.tif - MIA	0.3	100	Points	'Primordial'	1509.7	665.0	1	Points	'Primordial'	1510.0	665.1	1
DP28_25081_Section3_10X_ome_copy.tif - MIA	9.0	100	Points	'Primordial'	1278.6	290.38	1	Points	'Primordial'	1280.5	281.59	1
DP28_25081_Section3_10X_ome_copy.tif - MIA	0.5	100	Points	'Primordial'	1113.0	1560.1	1	Points	'Primordial'	1113.2	1560.6	1
DP28_25081_Section3_10X_ome_copy.tif - MIA	0.3	100	Points	'Primordial'	1080.6	137.16	1	Points	'Primordial'	1080.3	137.04	2
DP28_25081_Section3_10X_ome_copy.tif - MIA	2.0	100	Points	'Primordial'	790.0	1719.8	1	Points	'Primordial'	791.74	1718.9	1
DP28_25081_Section3_10X_ome_copy.tif - MIA	1.0	100	Points	'Primordial'	189.91	365.91	1	Points	'Primordial'	190.49	365.04	1
DP28_25081_Section3_10X_ome_copy.tif - MIA	0.6	100	Points	'Primary'	1291.7	306.71	1	Points	'Primordial'	1292.3	306.77	1
DP28_25081_Section3_10X_ome_copy.tif - MIA	0.3	100	Points	'Primordial'	319.67	151.44	1	Points	'Primordial'	319.46	151.27	1
DP28_25081_Section3_10X_ome_copy.tif - MIA	1.1	100	Points	'Primordial'	247.78	318.53	1	Points	'Primordial'	247.63	319.66	1
DP28_25081_Section3_10X_ome_copy.tif - MIA	1.0	100	Points	'Primordial'	289.66	217.19	1	Points	'Transitional Primordial'	290.59	216.94	1
DP28_25081_Section3_10X_ome_copy.tif - MIA	0.1	100	Points	'Primordial'	895.87	100.0	1	Points	'Primordial'	895.8	100.05	1
DP28_25081_Section3_10X_ome_copy.tif - MIA	7.9	100	Points	'Primordial'	550.42	105.25	1	Points	'Transitional Primordial'	558.29	105.21	1
DP28_25081_Section3_10X_ome_copy.tif - MIA	38.3	100	Points	'Multilayer'	504.77	765.14	1	Points	'Primary'	496.72	802.59	1
DP28_25081_Section3_10X_ome_copy.tif - MIA	0.5	100	Points	'Primordial'	317.07	1243.4	1	Points	'Primordial'	317.48	1243.2	1
DP28_25081_Section3_10X_ome_copy.tif - MIA	1.1	100	Points	'Primordial'	1004.9	1661.2	1	Points	'Primordial'	1004.2	1662.0	1
DP28_25081_Section3_10X_ome_copy.tif - MIA	1.4	200	Points	'Transitional Primary'	437.18	117.02	1	Points	'Transitional Primary'	435.87	116.62	1
DP28_25081_Section3_10X_ome_copy.tif - MIA	25.6	100	Points	'Transitional Primordial'	460.8	1420.5	1	Points	'Primordial'	435.52	1424.8	1
DP28_25081_Section3_10X_ome_copy.tif - MIA	1.4	100	Points	'Primordial'	842.84	1717.5	1	Points	'Primordial'	842.03	1718.6	1
DP28_25081_Section3_10X_ome_copy.tif - MIA	0.9	100	Points	'Secondary'	503.77	107.43	1	Points	'Primary'	503.44	108.3	1
DP28_25081_Section3_10X_ome_copy.tif - MIA	1.9	100	Points	'Secondary'	633.62	1655.4	1	Points	'Secondary'	634.72	1653.8	1
DP28_25081_Section3_10X_ome_copy.tif - MIA	0.6	100	Points	'Primordial'	786.59	1724.7	1	Points	'Primordial'	786.96	1725.2	1
DP28_25081_Section3_10X_ome_copy.tif - MIA	1.2	100	Points	'Primordial'	332.63	1321.1	1	Points	'Primordial'	331.54	1320.6	1
DP28_25081_Section3_10X_ome_copy.tif - MIA	2.0	100	Points	'Primordial'	214.73	306.79	1	Points	'Primordial'	215.01	308.74	1
DP28_25081_Section3_10X_ome_copy.tif - MIA	0.8	100	Points	'Primordial'	320.58	1235.2	1	Points	'Primordial'	319.9	1234.8	1
DP28_25081_Section3_10X_ome_copy.tif - MIA	6.4	100	Points	'Primordial'	571.48	1669.2	1	Points	'Primordial'	577.69	1667.8	1
DP28_25081_Section3_10X_ome_copy.tif - MIA	0.4	100	Points	'Primordial'	984.45	101.31	1	Points	'Primordial'	984.27	100.93	1
DP28_25081_Section3_10X_ome_copy.tif - MIA	1.2	100	Polygon	'Multilayer'	516.05	142.86	1	Points	'Multi-oocytic'	516.54	141.76	1
DP28_25081_Section3_10X_ome_copy.tif - MIA	0.3	100	Points	'Primordial'	184.19	356.55	1	Points	'Primordial'	184.4	356.29	1
DP28_25081_Section3_10X_ome_copy.tif - MIA	1.4	100	Points	'Primordial'	1508.5	673.49	1	Points	'Primordial'	1509.6	674.43	1
DP28_25081_Section3_10X_ome_copy.tif - MIA	1.9	100	Points	'Primordial'	1431.3	1293.9	1	Points	'Primordial'	1433.2	1293.7	1
DP28_25081_Section3_10X_ome_copy.tif - MIA	3.1	100	Points	'Primordial'	617.91	1720.5	1	Points	'Primordial'	615.95	1722.9	1
DP28_25081_Section3_10X_ome_copy.tif - MIA	1.4	100	Points	'Primordial'	877.12	1676.0	1	Points	'Primordial'	876.04	1676.9	1
DP28_25081_Section3_10X_ome_copy.tif - MIA	1.3	100	Points	'Primordial'	775.72	55.36	1	Points	'Primordial'	775.78	54.02	1
DP28_25081_Section3_10X_ome_copy.tif - MIA	1.8	100	Points	'Multilayer'	637.4	1528.9	1	Points	'Multi-oocytic'	635.92	1527.9	1
DP28_25081_Section3_10X_ome_copy.tif - MIA	10.8	200	Points	'Transitional Primary'	398.67	1324.1	1	Points	'Primordial'	388.18	1326.8	1
DP28_25081_Section3_10X_ome_copy.tif - MIA	9.7	100	Points	'Primordial'	1344.3	360.32	1	Points	'Unkown?'	1351.0	367.33	1
DP28_25081_Section3_10X_ome_copy.tif - MIA	1.4	100	Points	'Primordial'	563.83	1631.8	1	Points	'Primordial'	564.51	1630.6	1
DP28_25081_Section3_10X_ome_copy.tif - MIA	8.2	100	Points	'Primordial'	733.31	43.06	1	Points	'Primordial'	735.2	51.09	1
DP28_25081_Section3_10X_ome_copy.tif - MIA	0.2	100	Points	'Primordial'	690.58	1712.9	1	Points	'Primordial'	690.75	1713.0	1
DP28_25081_Section3_10X_ome_copy.tif - MIA	4.3	100	Points	'Primordial'	605.51	1699.5	1	Points	'Primordial'	609.63	1698.3	1
DP28_25081_Section3_10X_ome_copy.tif - MIA	0.5	100	Points	'Primordial'	1375.5	381.75	1	Points	'Primordial'	1376.0	381.65	1
DP28_25081_Section3_10X_ome_copy.tif - MIA	1.0	100	Points	'Primordial'	1012.5	1649.1	1	Points	'Primordial'	1012.2	1648.1	1
DP28_25081_Section3_10X_ome_copy.tif - MIA	0.9	100	Points	'Primordial'	476.85	1547.2	1	Points	'Primordial'	477.11	1546.3	1
DP28_25081_Section3_10X_ome_copy.tif - MIA	1.5	100	Points	'Primordial'	579.14	1667.3	1	Points	'Primordial'	577.69	1667.8	2
DP28_25081_Section3_10X_ome_copy.tif - MIA	0.0	100	Points	'Primordial'	1143.8	1551.5	1	Points	'Primordial'	1143.8	1551.5	1
DP28_25081_Section3_10X_ome_copy.tif - MIA	1.8	100	Points	'Primordial'	190.57	304.37	1	Points	'Primordial'	191.95	303.27	1
DP28_25081_Section3_10X_ome_copy.tif - MIA	1.1	100	Points	'Primordial'	1149.6	1539.9	1	Points	'Primordial'	1150.7	1539.7	1
DP28_25081_Section3_10X_ome_copy.tif - MIA	0.5	100	Points	'Primordial'	225.28	289.93	1	Points	'Primordial'	224.9	289.6	1
DP28_25081_Section3_10X_ome_copy.tif - MIA	0.9	100	Points	'Primordial'	489.83	1578.7	1	Points	'Primordial'	490.22	1579.5	1
DP28_25081_Section3_10X_ome_copy.tif - MIA	7.6	100	Points	'Primordial'	441.4	1495.9	1	Points	'Primordial'	448.99	1496.3	1
DP28_25081_Section3_10X_ome_copy.tif - MIA	20.6	500	Polygon	'Antral'	476.3	1136.7	1	Points	'Antral'	461.54	1122.4	1
DP28_25081_Section3_10X_ome_copy.tif - MIA	1.6	100	Points	'Primordial'	691.24	54.1	1	Points	'Primordial'	689.66	54.48	1
DP28_25081_Section3_10X_ome_copy.tif - MIA	11.6	100	Points	'Transitional Primordial'	1402.3	412.5	1	Points	'Primordial'	1410.0	421.11	2
DP28_25081_Section3_10X_ome_copy.tif - MIA	2.3	100	Points	'Secondary'	1465.0	1188.8	1	Points	'Unkown?'	1464.0	1186.7	1
DP28_25081_Section3_10X_ome_copy.tif - MIA	1.6	100	Points	'Primordial'	453.22	1526.4	1	Points	'Primordial'	451.7	1525.8	1
DP28_25081_Section3_10X_ome_copy.tif - MIA	0.7	100	Points	'Primordial'	191.97	353.55	1	Points	'Primordial'	192.55	353.89	1
DP28_25081_Section3_10X_ome_copy.tif - MIA	0.7	100	Points	'Primordial'	789.53	45.74	1	Points	'Primordial'	789.65	45.02	1
DP28_25081_Section3_10X_ome_copy.tif - MIA	9.6	100	Points	'Primordial'	764.23	50.98	1	Points	'Primordial'	763.58	41.43	1
DP28_25081_Section3_10X_ome_copy.tif - MIA	0.7	100	Points	'Primordial'	183.0	394.89	1	Points	'Primordial'	182.65	394.33	1
DP28_25081_Section3_10X_ome_copy.tif - MIA	11.0	100	Points	'Primordial'	338.95	137.21	1	Points	'Transitional Primordial'	342.88	147.45	1
DP28_25081_Section3_10X_ome_copy.tif - MIA	35.2	500	Polygon	'Atretic Antral'	465.54	302.67	1	Points	'Atretic Antral'	463.51	337.86	1
DP28_25081_Section3_10X_ome_copy.tif - MIA	0.3	100	Points	'Primordial'	664.76	77.49	1	Points	'Primordial'	665.08	77.43	1
DP28_25081_Section3_10X_ome_copy.tif - MIA	0.4	100	Points	'Primordial'	1502.6	950.44	1	Points	'Unkown?'	1503.0	950.34	1
DP28_25081_Section3_10X_ome_copy.tif - MIA	2.2	100	Points	'Primordial'	581.02	1611.7	1	Points	'Primordial'	581.97	1609.7	1
DP28_25081_Section3_10X_ome_copy.tif - MIA	1.1	100	Points	'Primordial'	499.29	1568.2	1	Points	'Primordial'	499.96	1567.3	1
DP28_25081_Section3_10X_ome_copy.tif - MIA	0.4	100	Points	'Primordial'	1206.2	1533.7	1	Points	'Primordial'	1206.0	1534.1	1
DP28_25081_Section3_10X_ome_copy.tif - MIA	1.4	100	Points	'Primordial'	1508.5	642.3	1	Points	'Primordial'	1508.5	643.74	1
DP28_25081_Section3_10X_ome_copy.tif - MIA	1.3	100	Points	'Primordial'	743.57	1742.0	1	Points	'Primordial'	744.85	1742.0	1
DP28_25081_Section3_10X_ome_copy.tif - MIA	0.7	100	Points	'Transitional Primordial'	202.86	410.19	1	Points	'Transitional Primordial'	202.67	410.89	1
DP28_25081_Section3_10X_ome_copy.tif - MIA	1.3	100	Points	'Primordial'	448.67	1515.4	1	Points	'Primordial'	448.14	1516.6	1
DP28_25081_Section3_10X_ome_copy.tif - MIA	1.5	100	Points	'Primordial'	1309.8	332.32	1	Points	'Primordial'	1308.3	332.51	1
DP28_25081_Section3_10X_ome_copy.tif - MIA	0.6	100	Points	'Primordial'	1350.7	366.76	1	Points	'Unkown?'	1351.0	367.33	2
DP28_25081_Section3_10X_ome_copy.tif - MIA	0.8	100	Points	'Primordial'	915.57	100.58	1	Points	'Primordial'	915.15	101.25	1
DP28_25081_Section3_10X_ome_copy.tif - MIA	5.9	100	Points	'Primordial'	1218.9	244.03	1	Points	'Transitional Primordial'	1214.2	240.53	1
DP28_25081_Section3_10X_ome_copy.tif - MIA	19.6	100	Points	'Primordial'	1282.5	1450.0	1	Points	'Primordial'	1277.8	1469.0	1
DP28_25081_Section3_10X_ome_copy.tif - MIA	7.2	100	Points	'Primordial'	1026.0	112.91	1	Points	'Primordial'	1024.4	105.85	1
DP28_25081_Section3_10X_ome_copy.tif - MIA	3.6	100	Polygon	'Multilayer'	1487.7	949.21	1	Points	'Multilayer'	1487.6	952.84	1
DP28_25081_Section3_10X_ome_copy.tif - MIA	1.0	100	Points	'Transitional Primordial'	1061.4	142.94	1	Points	'Transitional Primordial'	1060.5	143.32	1
DP28_25081_Section3_10X_ome_copy.tif - MIA	1.0	100	Points	'Primordial'	527.86	1619.3	1	Points	'Primordial'	527.04	1619.9	1
DP28_25081_Section3_10X_ome_copy.tif - MIA	2.0	100	Points	'Primordial'	614.23	77.3	1	Points	'Transitional Primordial'	613.34	75.54	1
DP28_25081_Section3_10X_ome_copy.tif - MIA	7.1	100	Points	'Primordial'	500.68	1587.5	1	Points	'Primordial'	507.32	1585.0	2
DP28_25081_Section3_10X_ome_copy.tif - MIA	0.9	100	Points	'Primordial'	1095.2	1586.5	1	Points	'Primordial'	1095.9	1585.9	1
DP28_25081_Section3_10X_ome_copy.tif - MIA	1.1	100	Points	'Secondary'	1442.3	1276.3	1	Points	'Unkown?'	1442.0	1277.4	1
DP28_25081_Section3_10X_ome_copy.tif - MIA	11.5	100	Points	'Primordial'	405.33	1450.6	1	Points	'Primordial'	398.82	1441.1	1
DP28_25081_Section3_10X_ome_copy.tif - MIA	1.3	100	Points	'Primordial'	1140.5	1564.6	1	Points	'Primordial'	1139.2	1564.8	1
DP28_25081_Section3_10X_ome_copy.tif - MIA	7.0	500	Polygon	'Atretic Antral'	727.21	1467.0	1	Points	'Atretic Antral'	720.24	1467.8	1
DP28_25081_Section3_10X_ome_copy.tif - MIA	0.6	100	Points	'Primordial'	1277.3	1468.7	1	Points	'Primordial'	1277.8	1469.0	2
DP28_25081_Section3_10X_ome_copy.tif - MIA	1.9	100	Points	'Primordial'	390.14	1396.9	1	Points	'Primordial'	390.05	1395.0	1
DP28_25081_Section3_10X_ome_copy.tif - MIA	1.1	100	Points	'Primordial'	1103.2	1617.4	1	Points	'Primordial'	1104.0	1616.6	1
DP28_25081_Section3_10X_ome_copy.tif - MIA	0.9	100	Points	'Primordial'	752.18	1735.2	1	Points	'Primordial'	751.73	1734.4	1
DP28_25081_Section3_10X_ome_copy.tif - MIA	0.6	100	Points	'Primordial'	1162.3	1577.6	1	Points	'Primordial'	1162.6	1578.1	1
DP28_25081_Section3_10X_ome_copy.tif - MIA	0.5	100	Points	'Primordial'	975.45	100.59	1	Points	'Primordial'	975.27	100.15	1
DP28_25081_Section3_10X_ome_copy.tif - MIA	0.6	100	Points	'Primordial'	1106.8	1577.5	1	Points	'Transitional Primordial'	1106.6	1576.9	1
DP28_25081_Section3_10X_ome_copy.tif - MIA	12.9	100	Points	'Primordial'	935.22	1676.4	1	Points	'Primordial'	933.31	1689.2	1
DP28_25081_Section3_10X_ome_copy.tif - MIA	1.2	100	Points	'Primordial'	1284.5	300.81	1	Points	'Primordial'	1285.6	300.34	1
DP28_25081_Section3_10X_ome_copy.tif - MIA	13.7	100	Points	'Transitional Primordial'	805.86	53.68	1	Points	'Primordial'	803.95	67.29	1
DP28_25081_Section3_10X_ome_copy.tif - MIA	0.1	100	Points	'Primordial'	356.44	1340.8	1	Points	'Transitional Primordial'	356.32	1340.8	1
DP28_25081_Section3_10X_ome_copy.tif - MIA	0.6	100	Points	'Primordial'	1060.9	1634.7	1	Points	'Primordial'	1060.6	1634.2	1
DP28_25081_Section3_10X_ome_copy.tif - MIA	11.3	100	Points	'Primordial'	650.22	1669.6	1	Points	'Primordial'	639.15	1672.0	1
DP28_25081_Section3_10X_ome_copy.tif - MIA	17.7	500	Polygon	'Antral'	881.82	1611.4	1	Points	'Antral'	873.31	1626.9	1
DP28_25081_Section3_10X_ome_copy.tif - MIA	1.2	100	Points	'Transitional Primordial'	239.39	833.29	1	Points	'Transitional Primordial'	238.76	832.27	1
DP28_25081_Section3_10X_ome_copy.tif - MIA	0.6	100	Points	'Transitional Primordial'	1496.7	573.53	1	Points	'Unkown?'	1496.1	573.31	1
DP28_25081_Section3_10X_ome_copy.tif - MIA	1.0	100	Points	'Primordial'	319.19	1142.2	1	Points	'Primordial'	320.23	1142.3	1
DP28_25081_Section3_10X_ome_copy.tif - MIA	0.4	100	Points	'Primordial'	694.63	1705.1	1	Points	'Primordial'	694.92	1705.3	1
DP28_25081_Section3_10X_ome_copy.tif - MIA	8.9	500	Polygon	'Atretic Antral'	964.59	249.48	1	Points	'Atretic Antral'	955.78	248.27	1
DP28_25081_Section3_10X_ome_copy.tif - MIA	20.4	100	Points	'Primordial'	1472.2	804.85	1	Points	'Antral'	1457.3	790.95	1
DP28_25081_Section3_10X_ome_copy.tif - MIA	2.8	100	Points	'Secondary'	1310.0	358.0	1	Points	'Transitional Primary'	1312.8	357.67	1
DP28_25081_Section3_10X_ome_copy.tif - MIA	0.5	100	Points	'Primordial'	865.47	1711.5	1	Points	'Primordial'	865.64	1712.0	1
DP28_25081_Section3_10X_ome_copy.tif - MIA	1.3	100	Points	'Primordial'	237.07	286.5	1	Points	'Primordial'	235.82	286.52	1
DP28_25081_Section3_10X_ome_copy.tif - MIA	13.3	100	Points	'Primordial'	438.69	1469.4	1	Points	'Primordial'	451.49	1465.9	1
DP28_25081_Section3_10X_ome_copy.tif - MIA	13.9	100	Points	'Primordial'	485.79	101.85	1	Points	'Primordial'	498.79	97.06	1
DP28_25081_Section3_10X_ome_copy.tif - MIA	26.5	100	Points	'Transitional Primordial'	1489.5	1179.5	1	Points	'Unkown?'	1464.0	1186.7	2
DP28_25081_Section3_10X_ome_copy.tif - MIA	1.7	100	Points	'Primordial'	880.7	75.42	1	Points	'Primordial'	880.18	73.77	1
DP28_25081_Section3_10X_ome_copy.tif - MIA	0.8	100	Points	'Primordial'	562.15	1608.1	1	Points	'Primordial'	561.37	1608.4	1
DP28_25081_Section3_10X_ome_copy.tif - MIA	17.2	100	Points	'Primordial'	398.81	115.36	1	Points	'Primordial'	415.92	114.04	1
DP28_25081_Section3_10X_ome_copy.tif - MIA	0.9	100	Points	'Primordial'	1434.6	508.96	1	Points	'Primordial'	1435.4	508.51	1
DP28_25081_Section3_10X_ome_copy.tif - MIA	0.9	100	Points	'Primordial'	721.48	1718.9	1	Points	'Primordial'	721.15	1718.1	1
DP28_25081_Section3_10X_ome_copy.tif - MIA	1.0	100	Points	'Primordial'	432.15	132.87	1	Points	'Primordial'	431.41	132.24	1
DP28_25081_Section3_10X_ome_copy.tif - MIA	0.7	100	Points	'Primordial'	521.94	1607.9	1	Points	'Primordial'	521.67	1607.3	1
DP28_25081_Section3_10X_ome_copy.tif - MIA	2.0	100	Points	'Primordial'	615.34	1691.9	1	Points	'Primordial'	615.85	1690.0	1
DP28_25081_Section3_10X_ome_copy.tif - MIA	8.7	100	Points	'Transitional Primordial'	1275.3	303.2	1	Points	'Primordial'	1277.8	311.51	1
DP28_25081_Section3_10X_ome_copy.tif - MIA	7.5	100	Points	'Primordial'	791.09	1709.5	1	Points	'Primordial'	798.4	1707.7	1
DP28_25081_Section3_10X_ome_copy.tif - MIA	0.5	100	Points	'Primordial'	674.78	1739.6	1	Points	'Primordial'	674.25	1739.6	1
DP28_25081_Section3_10X_ome_copy.tif - MIA	1.1	100	Points	'Primordial'	405.5	1415.9	1	Points	'Primordial'	404.47	1416.3	1
DP28_25081_Section3_10X_ome_copy.tif - MIA	1.6	100	Points	'Primordial'	609.91	1706.8	1	Points	'Primordial'	611.53	1707.1	1
DP28_25081_Section3_10X_ome_copy.tif - MIA	8.1	100	Points	'Primordial'	806.32	1705.8	1	Points	'Primordial'	798.4	1707.7	2
DP28_25081_Section3_10X_ome_copy.tif - MIA	1.9	100	Points	'Primary'	1302.0	1404.4	1	Points	'Primary'	1300.1	1404.0	1
DP28_25081_Section3_10X_ome_copy.tif - MIA	0.4	100	Points	'Primordial'	676.06	1724.4	1	Points	'Primordial'	675.73	1724.7	1
DP28_25081_Section3_10X_ome_copy.tif - MIA	17.6	500	Polygon	'Atretic Antral'	764.69	1632.7	1	Points	'Antral'	771.8	1616.6	1
DP28_25081_Section3_10X_ome_copy.tif - MIA	2.5	100	Polygon	'Multilayer'	251.21	356.58	1	Points	'Multi-oocytic'	253.65	357.14	1
DP28_25081_Section3_10X_ome_copy.tif - MIA	1.1	100	Points	'Primordial'	644.05	1732.6	1	Points	'Primordial'	644.52	1731.6	1
DP28_25081_Section3_10X_ome_copy.tif - MIA	0.8	100	Points	'Primordial'	1476.5	550.3	1	Points	'Primordial'	1475.7	550.18	1
DP28_25081_Section3_10X_ome_copy.tif - MIA	1.0	100	Points	'Primordial'	610.11	1699.2	1	Points	'Primordial'	609.63	1698.3	2
DP28_25081_Section3_10X_ome_copy.tif - MIA	9.2	100	Points	'Primordial'	827.23	1692.9	1	Points	'Primordial'	822.8	1701.0	1
DP28_25081_Section3_10X_ome_copy.tif - MIA	9.9	100	Points	'Primordial'	578.67	1692.8	1	Points	'Primordial'	588.55	1693.1	1
DP28_25081_Section3_10X_ome_copy.tif - MIA	0.3	100	Points	'Primordial'	228.7	822.54	1	Points	'Primordial'	228.77	822.28	1
DP28_25081_Section3_10X_ome_copy.tif - MIA	0.5	100	Points	'Primordial'	303.39	1132.4	1	Points	'Primordial'	303.02	1132.8	1
DP28_25081_Section3_10X_ome_copy.tif - MIA	0.8	100	Points	'Primordial'	545.46	121.73	1	Points	'Primordial'	544.71	121.92	1
DP28_25081_Section3_10X_ome_copy.tif - MIA	0.7	100	Points	'Primordial'	361.09	1327.8	1	Points	'Primordial'	360.88	1328.5	1
DP28_25081_Section3_10X_ome_copy.tif - MIA	0.9	100	Points	'Primordial'	488.88	1550.5	1	Points	'Primordial'	489.63	1550.9	1
DP28_25081_Section3_10X_ome_copy.tif - MIA	0.4	100	Points	'Primordial'	638.6	59.15	1	Points	'Primordial'	638.91	58.89	1
DP28_25081_Section3_10X_ome_copy.tif - MIA	2.8	100	Points	'Primordial'	622.6	1723.1	1	Points	'Primordial'	624.18	1725.4	1
DP28_25081_Section3_10X_ome_copy.tif - MIA	0.7	200	Points	'Transitional Primary'	246.85	854.88	1	Points	'Transitional Primordial'	246.96	855.53	1
DP28_25081_Section3_10X_ome_copy.tif - MIA	1.6	100	Points	'Primordial'	297.66	1146.3	1	Points	'Primordial'	296.74	1147.6	1
DP28_25081_Section3_10X_ome_copy.tif - MIA	6.9	100	Points	'Primordial'	1253.9	265.69	1	Points	'Primordial'	1249.6	260.26	1
DP28_25081_Section3_10X_ome_copy.tif - MIA	1.3	100	Points	'Primordial'	424.34	1422.1	1	Points	'Primordial'	425.54	1421.5	1
DP28_25081_Section3_10X_ome_copy.tif - MIA	0.5	100	Points	'Secondary'	1153.9	191.99	1	Points	'Secondary'	1154.4	192.01	1
DP28_25081_Section3_10X_ome_copy.tif - MIA	0.8	100	Points	'Primordial'	1485.3	859.38	1	Points	'Primordial'	1484.5	859.38	1
DP28_25081_Section3_10X_ome_copy.tif - MIA	0.4	100	Points	'Primordial'	1053.2	1615.6	1	Points	'Primordial'	1052.8	1615.6	1
DP28_25081_Section3_10X_ome_copy.tif - MIA	1.2	100	Points	'Primordial'	1147.9	1574.0	1	Points	'Primordial'	1147.0	1573.2	1
DP28_25081_Section3_10X_ome_copy.tif - MIA	2.4	100	Points	'Secondary'	703.47	85.56	1	Points	'Secondary'	701.37	84.39	1
DP28_25081_Section3_10X_ome_copy.tif - MIA	0.3	100	Points	'Primordial'	1147.4	1586.4	1	Points	'Primordial'	1147.1	1586.5	1
DP28_25081_Section3_10X_ome_copy.tif - MIA	2.3	100	Points	'Primordial'	609.0	58.43	1	Points	'Primordial'	607.54	56.59	1
DP28_25081_Section3_10X_ome_copy.tif - MIA	1.8	100	Points	'Primordial'	867.34	1691.6	1	Points	'Primordial'	866.8	1693.3	1
DP28_25081_Section3_10X_ome_copy.tif - MIA	17.8	100	Points	'Secondary'	361.58	1285.3	1	Points	'Primary'	365.15	1267.9	1
DP28_25081_Section3_10X_ome_copy.tif - MIA	0.3	100	Points	'Primordial'	183.06	306.05	1	Points	'Primordial'	183.12	305.78	1
DP28_25081_Section3_10X_ome_copy.tif - MIA	0.8	100	Points	'Primordial'	997.82	1632.8	1	Points	'Primordial'	998.19	1632.1	1
DP28_25081_Section3_10X_ome_copy.tif - MIA	13.4	100	Points	'Primordial'	530.51	1593.2	1	Points	'Primordial'	542.69	1598.9	1
DP28_25081_Section3_10X_ome_copy.tif - MIA	1.5	100	Points	'Primordial'	639.85	1673.3	1	Points	'Primordial'	639.15	1672.0	2
DP28_25081_Section3_10X_ome_copy.tif - MIA	6.5	100	Points	'Primordial'	630.49	1727.0	1	Points	'Primordial'	624.18	1725.4	2
DP28_25081_Section3_10X_ome_copy.tif - MIA	0.7	100	Points	'Primordial'	735.81	51.45	1	Points	'Primordial'	735.2	51.09	2
DP28_25081_Section3_10X_ome_copy.tif - MIA	0.4	100	Points	'Primary'	1479.9	895.59	1	Points	'Primary'	1480.3	895.79	1
DP28_25081_Section3_10X_ome_copy.tif - MIA	0.2	100	Points	'Primordial'	855.88	1698.2	1	Points	'Primordial'	855.82	1698.0	1
DP28_25081_Section3_10X_ome_copy.tif - MIA	1.7	100	Points	'Primordial'	552.66	112.17	1	Points	'Primordial'	551.45	113.42	1
DP28_25081_Section3_10X_ome_copy.tif - MIA	0.5	100	Points	'Primordial'	1358.5	1358.8	1	Points	'Primordial'	1359.0	1358.6	1
DP28_25081_Section3_10X_ome_copy.tif - MIA	0.2	100	Points	'Primordial'	1065.4	1592.3	1	Points	'Primordial'	1065.6	1592.4	1
DP28_25081_Section3_10X_ome_copy.tif - MIA	0.0	100	Points	'Primordial'	182.27	333.61	1	Points	'Primordial'	182.3	333.6	1
DP28_25081_Section3_10X_ome_copy.tif - MIA	0.2	100	Points	'Primordial'	835.43	1700.3	1	Points	'Primordial'	835.37	1700.1	1
DP28_25081_Section3_10X_ome_copy.tif - MIA	1.5	100	Points	'Primordial'	183.75	327.09	1	Points	'Primordial'	184.83	326.02	1
DP28_25081_Section3_10X_ome_copy.tif - MIA	0.5	100	Points	'Primordial'	1050.3	123.68	1	Points	'Primordial'	1049.9	123.39	1
DP28_25081_Section3_10X_ome_copy.tif - MIA	0.2	100	Points	'Primordial'	398.7	1441.0	1	Points	'Primordial'	398.82	1441.1	2
DP28_25081_Section3_10X_ome_copy.tif - MIA	36.1	100	Points	'Primordial'	235.6	786.87	1	Points	'Primordial'	228.77	822.28	2
DP28_25081_Section3_10X_ome_copy.tif - MIA	1.2	100	Points	'Primordial'	263.33	837.19	1	Points	'Primordial'	262.18	837.04	1
DP28_25081_Section3_10X_ome_copy.tif - MIA	9.5	100	Points	'Primordial'	423.28	1470.8	1	Points	'Primordial'	419.67	1462.0	1
DP28_25081_Section3_10X_ome_copy.tif - MIA	0.5	100	Points	'Primordial'	469.49	100.12	1	Points	'Primordial'	469.87	100.49	1
DP28_25081_Section3_10X_ome_copy.tif - MIA	2.2	100	Points	'Primordial'	1289.7	296.1	1	Points	'Primordial'	1291.7	295.23	1
DP28_25081_Section3_10X_ome_copy.tif - MIA	8.2	100	Points	'Transitional Primordial'	867.45	1685.1	1	Points	'Primordial'	866.8	1693.3	2
DP28_25081_Section3_10X_ome_copy.tif - MIA	1.4	100	Points	'Primordial'	580.54	65.45	1	Points	'Primordial'	580.82	64.07	1
DP28_25081_Section3_10X_ome_copy.tif - MIA	7.4	100	Points	'Primordial'	1181.3	1541.6	1	Points	'Primordial'	1184.4	1534.9	1
DP28_25081_Section3_10X_ome_copy.tif - MIA	1.4	100	Points	'Primordial'	241.78	886.88	1	Points	'Primordial'	240.4	886.55	1
DP28_25081_Section3_10X_ome_copy.tif - MIA	5.2	100	Points	'Transitional Primordial'	1107.3	147.6	1	Points	'Primordial'	1107.7	152.79	1
DP28_25081_Section3_10X_ome_copy.tif - MIA	11.9	100	Points	'Transitional Primordial'	769.64	1720.6	1	Points	'Transitional Primordial'	773.1	1732.0	1
DP28_25081_Section3_10X_ome_copy.tif - MIA	1.1	100	Points	'Primordial'	416.27	113.01	1	Points	'Primordial'	415.92	114.04	2
DP28_25081_Section3_10X_ome_copy.tif - MIA	0.0	100	Points	'Transitional Primordial'	1142.6	1539.6	1	Points	'Transitional Primordial'	1142.6	1539.6	1
DP28_25081_Section3_10X_ome_copy.tif - MIA	1.6	100	Points	'Primordial'	763.82	1739.0	1	Points	'Primordial'	763.86	1737.4	1
DP28_25081_Section3_10X_ome_copy.tif - MIA	0.3	100	Points	'Transitional Primordial'	813.56	79.4	1	Points	'Transitional Primordial'	813.44	79.14	1
DP28_25081_Section3_10X_ome_copy.tif - MIA	2.3	100	Points	'Primordial'	756.27	1726.8	1	Points	'Primordial'	756.11	1724.5	1
DP28_25081_Section3_10X_ome_copy.tif - MIA	12.7	100	Points	'Primordial'	1171.3	1541.6	1	Points	'Transitional Primordial'	1179.1	1551.6	1
DP28_25081_Section3_10X_ome_copy.tif - MIA	8.1	100	Points	'Primordial'	222.66	827.6	1	Points	'Primordial'	228.77	822.28	3
DP28_25081_Section3_10X_ome_copy.tif - MIA	0.6	100	Points	'Primordial'	360.3	1311.0	1	Points	'Primordial'	359.9	1311.5	1
DP28_25081_Section3_10X_ome_copy.tif - MIA	0.6	100	Points	'Secondary'	1014.5	128.31	1	Points	'Secondary'	1015.1	128.34	1
DP28_25081_Section3_10X_ome_copy.tif - MIA	14.2	500	Polygon	'Atretic Antral'	516.46	1313.0	1	Points	'Atretic Antral'	502.92	1308.7	1
DP28_25081_Section3_10X_ome_copy.tif - MIA	0.9	100	Points	'Primordial'	469.52	1535.7	1	Points	'Primordial'	469.62	1536.6	1
DP28_25081_Section3_10X_ome_copy.tif - MIA	2.1	100	Points	'Primordial'	240.56	204.24	1	Points	'Primordial'	242.37	205.34	1
DP28_25081_Section3_10X_ome_copy.tif - MIA	0.1	100	Points	'Primordial'	359.96	132.95	1	Points	'Primordial'	359.94	133.0	1
DP28_25081_Section3_10X_ome_copy.tif - MIA	1.6	100	Points	'Transitional Primordial'	452.48	1467.2	1	Points	'Primordial'	451.49	1465.9	2
DP28_25081_Section3_10X_ome_copy.tif - MIA	8.8	100	Points	'Transitional Primordial'	776.01	1723.7	1	Points	'Transitional Primordial'	773.1	1732.0	2
DP28_25081_Section3_10X_ome_copy.tif - MIA	0.9	100	Points	'Primordial'	1337.1	349.17	1	Points	'Primordial'	1337.7	348.5	1
DP28_25081_Section3_10X_ome_copy.tif - MIA	1.0	100	Points	'Secondary'	478.11	1451.0	1	Points	'Secondary'	478.05	1452.0	1
DP28_25081_Section3_10X_ome_copy.tif - MIA	8.3	100	Points	'Primordial'	1366.7	1355.4	1	Points	'Primordial'	1359.0	1358.6	2
DP28_25081_Section3_10X_ome_copy.tif - MIA	0.8	100	Points	'Secondary'	683.99	78.46	1	Points	'Unkown?'	683.41	77.9	1
DP28_25081_Section3_10X_ome_copy.tif - MIA	0.1	100	Points	'Primordial'	562.34	1660.7	1	Points	'Primordial'	562.27	1660.8	1
DP28_25081_Section3_10X_ome_copy.tif - MIA	0.6	100	Points	'Secondary'	873.64	98.35	1	Points	'Secondary'	873.1	98.53	1
DP28_25081_Section3_10X_ome_copy.tif - MIA	0.4	100	Points	'Primary'	1214.0	240.84	1	Points	'Transitional Primordial'	1214.2	240.53	2
DP28_25081_Section3_10X_ome_copy.tif - MIA	0.3	100	Points	'Primordial'	1343.8	1393.6	1	Points	'Primordial'	1343.9	1393.9	1
DP28_25081_Section3_10X_ome_copy.tif - MIA	15.5	100	Points	'Primordial'	409.3	1371.4	1	Points	'Primordial'	395.01	1365.3	1
DP28_25081_Section3_10X_ome_copy.tif - MIA	1.2	100	Points	'Primordial'	991.48	107.5	1	Points	'Primordial'	990.32	107.12	1
DP28_25081_Section3_10X_ome_copy.tif - MIA	1.4	100	Points	'Primordial'	1377.8	1347.8	1	Points	'Primordial'	1379.0	1347.0	1
DP28_25081_Section3_10X_ome_copy.tif - MIA	0.3	100	Points	'Primordial'	1108.6	1586.5	1	Points	'Primordial'	1108.8	1586.7	1
DP28_25081_Section3_10X_ome_copy.tif - MIA	0.8	100	Points	'Primordial'	554.24	1600.1	1	Points	'Primordial'	554.91	1600.5	2
DP28_25081_Section3_10X_ome_copy.tif - MIA	1.2	500	Polygon	'Antral'	363.69	1069.2	1	Polygon	'Antral'	362.97	1068.2	1
DP28_25081_Section3_10X_ome_copy.tif - MIA	9.3	100	Points	'Primordial'	1207.8	1517.4	1	Points	'Primordial'	1201.2	1523.9	1
DP28_25081_Section3_10X_ome_copy.tif - MIA	0.4	100	Points	'Primordial'	1099.2	161.56	1	Points	'Primordial'	1098.9	161.3	1
DP28_25081_Section3_10X_ome_copy.tif - MIA	0.0	100	Points	'Primordial'	1151.1	1564.3	1	Points	'Primordial'	1151.1	1564.3	1
DP28_25081_Section3_10X_ome_copy.tif - MIA	0.4	100	Points	'Primordial'	1305.8	1417.6	1	Points	'Primordial'	1306.2	1417.4	1
DP28_25081_Section3_10X_ome_copy.tif - MIA	0.4	200	Points	'Transitional Primary'	977.17	1622.4	1	Points	'Transitional Primary'	976.97	1622.8	1
DP28_25081_Section3_10X_ome_copy.tif - MIA	0.4	100	Points	'Primordial'	1418.0	452.33	1	Points	'Primordial'	1417.8	451.99	1
DP28_25081_Section3_10X_ome_copy.tif - MIA	1.1	100	Points	'Primordial'	412.39	1412.8	1	Points	'Primordial'	411.78	1413.7	1
DP28_25081_Section3_10X_ome_copy.tif - MIA	1.2	100	Points	'Primordial'	1427.1	503.68	1	Points	'Primordial'	1427.7	502.61	1
DP28_25081_Section3_10X_ome_copy.tif - MIA	0.3	200	Points	'Transitional Primary'	325.15	1215.3	1	Points	'Transitional Primordial'	325.06	1215.0	1
DP28_25081_Section3_10X_ome_copy.tif - MIA	1.1	100	Points	'Primordial'	993.47	1641.4	1	Points	'Primordial'	994.38	1642.1	1
DP28_25081_Section3_10X_ome_copy.tif - MIA	2.1	100	Points	'Primordial'	972.44	1640.1	1	Points	'Primordial'	970.59	1639.1	1
DP28_25081_Section3_10X_ome_copy.tif - MIA	0.3	100	Points	'Primordial'	1153.6	1579.1	1	Points	'Primordial'	1153.8	1578.9	1
DP28_25081_Section3_10X_ome_copy.tif - MIA	0.6	100	Points	'Primordial'	591.79	1629.6	1	Points	'Primordial'	592.09	1630.1	1
DP28_25081_Section3_10X_ome_copy.tif - MIA	0.8	100	Points	'Primordial'	509.4	98.15	1	Points	'Primordial'	508.58	98.07	1
DP28_25081_Section3_10X_ome_copy.tif - MIA	0.3	100	Points	'Primordial'	854.1	1709.7	1	Points	'Primordial'	854.07	1709.4	1
DP28_25081_Section3_10X_ome_copy.tif - MIA	0.8	100	Points	'Primordial'	604.38	1687.0	1	Points	'Primordial'	605.1	1687.3	1
DP28_25081_Section3_10X_ome_copy.tif - MIA	2.1	100	Points	'Primordial'	384.9	1407.0	1	Points	'Primordial'	382.78	1407.2	1
DP28_25081_Section3_10X_ome_copy.tif - MIA	0.9	100	Points	'Primordial'	1458.6	1262.0	1	Points	'Primordial'	1457.7	1262.1	1
DP28_25081_Section3_10X_ome_copy.tif - MIA	0.7	100	Points	'Primordial'	1519.2	1135.6	1	Points	'Primordial'	1518.5	1135.7	1
DP28_25081_Section3_10X_ome_copy.tif - MIA	0.9	100	Points	'Primordial'	1246.0	1501.2	1	Points	'Primordial'	1245.8	1500.3	1
DP28_25081_Section3_10X_ome_copy.tif - MIA	9.3	100	Points	'Primordial'	1061.8	134.13	1	Points	'Transitional Primordial'	1060.5	143.32	2
DP28_25081_Section3_10X_ome_copy.tif - MIA	3.9	100	Polygon	'Multilayer'	381.66	1279.5	1	Points	'Multi-oocytic'	381.87	1283.4	1
DP28_25081_Section3_10X_ome_copy.tif - MIA	2.7	100	Points	'Primordial'	184.18	414.9	1	Points	'Primordial'	182.01	413.33	1
DP28_25081_Section3_10X_ome_copy.tif - MIA	1.7	100	Points	'Secondary'	528.15	1549.0	1	Points	'Multi-oocytic'	526.66	1549.8	1
DP28_25081_Section3_10X_ome_copy.tif - MIA	0.8	100	Points	'Primordial'	1201.4	233.92	1	Points	'Primordial'	1201.9	234.57	1
DP28_25081_Section3_10X_ome_copy.tif - MIA	18.6	1000	Polygon	'Corpus Luteum'	1089.9	1007.0	1	Ellipse	'Corpus Luteum'	1095.7	1024.7	1
DP28_25081_Section3_10X_ome_copy.tif - MIA	0.3	100	Points	'Primordial'	1356.5	1327.1	1	Points	'Primordial'	1356.6	1326.8	1
DP28_25081_Section3_10X_ome_copy.tif - MIA	9.0	100	Points	'Primordial'	227.57	298.94	1	Points	'Primordial'	226.19	307.84	1
DP28_25081_Section3_10X_ome_copy.tif - MIA	1.5	100	Points	'Primordial'	1318.5	337.46	1	Points	'Primordial'	1319.9	336.86	2
DP28_25081_Section3_10X_ome_copy.tif - MIA	0.9	100	Points	'Primordial'	882.37	1691.5	1	Points	'Primordial'	881.53	1691.1	1
DP28_25081_Section3_10X_ome_copy.tif - MIA	1.2	200	Points	'Transitional Primary'	454.08	125.71	1	Points	'Transitional Primary'	455.04	125.04	1
DP28_25081_Section3_10X_ome_copy.tif - MIA	0.4	100	Points	'Primordial'	425.53	123.31	1	Points	'Primordial'	425.16	123.41	1
DP28_25081_Section3_10X_ome_copy.tif - MIA	0.8	100	Polygon	'Multilayer'	1032.6	1593.4	1	Points	'Multilayer'	1031.8	1593.3	1
DP28_25081_Section3_10X_ome_copy.tif - MIA	1.5	100	Points	'Primordial'	953.02	1672.0	1	Points	'Primordial'	951.95	1670.9	1
DP28_25081_Section3_10X_ome_copy.tif - MIA	0.6	100	Points	'Primordial'	1173.0	1529.4	1	Points	'Primordial'	1173.3	1528.9	1
DP28_25081_Section3_10X_ome_copy.tif - MIA	0.2	100	Points	'Primordial'	448.23	1488.2	1	Points	'Primordial'	448.31	1488.4	1
DP28_25081_Section3_10X_ome_copy.tif - MIA	1.0	100	Points	'Primordial'	1074.1	1618.0	1	Points	'Primordial'	1074.0	1617.0	1
DP28_25081_Section3_10X_ome_copy.tif - MIA	0.2	100	Points	'Primordial'	1099.9	148.42	1	Points	'Primordial'	1099.7	148.43	1
DP28_25081_Section3_10X_ome_copy.tif - MIA	2.7	100	Points	'Primordial'	234.37	879.27	1	Points	'Primordial'	233.24	876.86	1
DP28_25081_Section3_10X_ome_copy.tif - MIA	1.3	100	Points	'Primordial'	334.02	1314.3	1	Points	'Primordial'	333.69	1313.0	1
DP28_25081_Section3_10X_ome_copy.tif - MIA	8.5	100	Points	'Primordial'	1240.3	1507.5	1	Points	'Primordial'	1233.3	1512.4	1
DP28_25081_Section3_10X_ome_copy.tif - MIA	1.1	100	Points	'Primordial'	1192.2	1535.7	1	Points	'Primordial'	1192.1	1536.8	1
DP28_25081_Section3_10X_ome_copy.tif - MIA	1.2	100	Points	'Primordial'	555.17	86.43	1	Points	'Primordial'	555.07	85.27	1
DP28_25081_Section3_10X_ome_copy.tif - MIA	4.0	100	Polygon	'Multilayer'	799.7	93.52	1	Points	'Multilayer'	799.87	89.52	1
DP28_25081_Section3_10X_ome_copy.tif - MIA	0.4	100	Points	'Multilayer'	1326.9	375.91	1	Points	'Multilayer'	1327.1	375.6	1
DP28_25081_Section3_10X_ome_copy.tif - MIA	2.3	100	Points	'Primordial'	548.31	1636.4	1	Points	'Primordial'	546.23	1635.5	1
DP28_25081_Section3_10X_ome_copy.tif - MIA	23.8	100	Points	'Primordial'	1474.9	1229.7	1	Points	'Primordial'	1480.7	1206.6	1
DP28_25081_Section3_10X_ome_copy.tif - MIA	8.7	100	Points	'Primordial'	1311.7	340.48	1	Points	'Primordial'	1308.3	332.51	2
DP28_25081_Section3_10X_ome_copy.tif - MIA	9.2	100	Points	'Primordial'	784.96	53.3	1	Points	'Primordial'	775.78	54.02	2
DP28_25081_Section3_10X_ome_copy.tif - MIA	11.0	100	Points	'Primordial'	1301.6	299.94	1	Points	'Primordial'	1291.7	295.23	2
DP28_25081_Section3_10X_ome_copy.tif - MIA	1.0	100	Points	'Primordial'	700.07	57.92	1	Points	'Primordial'	699.53	57.13	1
DP28_25081_Section3_10X_ome_copy.tif - MIA	1.7	100	Points	'Primordial'	976.63	114.27	1	Points	'Primordial'	974.99	114.51	1
DP28_25081_Section3_10X_ome_copy.tif - MIA	2.6	100	Points	'Primordial'	1127.4	1596.5	1	Points	'Transitional Primordial'	1127.4	1593.9	1
DP28_25081_Section3_10X_ome_copy.tif - MIA	0.2	100	Points	'Primordial'	1480.9	1206.7	1	Points	'Primordial'	1480.7	1206.6	2
DP28_25081_Section3_10X_ome_copy.tif - MIA	3.5	500	Polygon	'Antral'	595.48	208.96	1	Points	'Antral'	592.01	209.11	1
DP28_25081_Section3_10X_ome_copy.tif - MIA	0.2	100	Points	'Primordial'	305.16	1139.7	1	Points	'Primordial'	305.29	1139.8	1
DP28_25081_Section3_10X_ome_copy.tif - MIA	1.2	100	Points	'Transitional Primordial'	844.12	1709.7	1	Points	'Transitional Primordial'	843.08	1709.2	1
DP28_25081_Section3_10X_ome_copy.tif - MIA	5.7	100	Points	'Primordial'	676.65	1710.6	1	Points	'Primordial'	681.87	1713.0	1
DP28_25081_Section3_10X_ome_copy.tif - MIA	0.2	100	Points	'Primordial'	218.4	257.15	1	Points	'Primordial'	218.61	257.23	1
DP28_25081_Section3_10X_ome_copy.tif - MIA	0.6	100	Points	'Primordial'	722.43	57.19	1	Points	'Primordial'	721.98	56.81	1
DP28_25081_Section3_10X_ome_copy.tif - MIA	1.5	100	Points	'Primordial'	574.5	1609.7	1	Points	'Primordial'	573.22	1608.9	1
DP28_25081_Section3_10X_ome_copy.tif - MIA	0.4	100	Points	'Primordial'	1082.8	1609.8	1	Points	'Primordial'	1082.7	1610.2	1
DP28_25081_Section3_10X_ome_copy.tif - MIA	0.3	200	Points	'Transitional Primary'	761.47	66.89	1	Points	'Transitional Primordial'	761.24	66.77	1
DP28_25081_Section3_10X_ome_copy.tif - MIA	11.8	100	Points	'Transitional Primordial'	775.74	1748.0	1	Points	'Primordial'	764.02	1746.7	1
DP28_25081_Section3_10X_ome_copy.tif - MIA	0.2	100	Points	'Primordial'	800.37	1719.8	1	Points	'Primordial'	800.59	1719.9	1
DP28_25081_Section3_10X_ome_copy.tif - MIA	9.5	100	Points	'Transitional Primordial'	1076.4	145.66	1	Points	'Primordial'	1080.3	137.04	3
DP28_25081_Section3_10X_ome_copy.tif - MIA	0.1	100	Points	'Primordial'	1243.1	285.35	1	Points	'Primordial'	1243.0	285.45	1
DP28_25081_Section3_10X_ome_copy.tif - MIA	1.3	100	Points	'Primordial'	803.14	66.29	1	Points	'Primordial'	803.95	67.29	2
DP28_25081_Section3_10X_ome_copy.tif - MIA	2.1	100	Points	'Primordial'	1395.8	402.0	1	Points	'Primordial'	1397.8	401.34	2
DP28_25081_Section3_10X_ome_copy.tif - MIA	7.4	100	Points	'Primordial'	1313.8	327.58	1	Points	'Primordial'	1308.3	332.51	3
DP28_25081_Section3_10X_ome_copy.tif - MIA	0.7	100	Points	'Transitional Primordial'	256.8	1013.7	1	Points	'Primordial'	256.82	1014.4	1
DP28_25081_Section3_10X_ome_copy.tif - MIA	1.4	100	Polygon	'Multilayer'	204.38	326.16	1	Points	'Multilayer'	205.15	324.99	1
DP28_25081_Section3_10X_ome_copy.tif - MIA	0.3	100	Points	'Primordial'	484.14	1467.9	1	Points	'Primordial'	483.8	1467.9	1
DP28_25081_Section3_10X_ome_copy.tif - MIA	1.5	100	Points	'Primordial'	823.38	1702.4	1	Points	'Primordial'	822.8	1701.0	2
DP28_25081_Section3_10X_ome_copy.tif - MIA	1.5	100	Points	'Primordial'	870.4	1700.6	1	Points	'Primordial'	871.71	1701.3	1
DP28_25081_Section3_10X_ome_copy.tif - MIA	0.6	100	Points	'Primordial'	325.37	1242.6	1	Points	'Primordial'	325.93	1242.7	1
DP28_25081_Section3_10X_ome_copy.tif - MIA	14.4	100	Points	'Transitional Primordial'	791.6	74.73	1	Points	'Primordial'	803.95	67.29	3
DP28_25081_Section3_10X_ome_copy.tif - MIA	2.5	100	Points	'Primordial'	1043.7	1641.8	1	Points	'Primordial'	1045.6	1640.2	1
DP28_25081_Section3_10X_ome_copy.tif - MIA	3.0	100	Points	'Primordial'	896.59	93.81	1	Points	'Primordial'	898.0	91.14	1
DP28_25081_Section3_10X_ome_copy.tif - MIA	1.5	100	Points	'Transitional Primordial'	1403.3	441.61	1	Points	'Transitional Primordial'	1404.8	441.47	1
DP28_25081_Section3_10X_ome_copy.tif - MIA	13.2	100	Points	'Primordial'	502.82	1549.7	1	Points	'Primordial'	489.63	1550.9	2
DP28_25081_Section3_10X_ome_copy.tif - MIA	0.3	100	Points	'Primordial'	816.85	1728.3	1	Points	'Primordial'	817.01	1728.5	1
DP28_25081_Section3_10X_ome_copy.tif - MIA	0.4	100	Points	'Primordial'	1009.9	114.12	1	Points	'Primordial'	1010.2	113.89	1
DP28_25081_Section3_10X_ome_copy.tif - MIA	10.0	100	Points	'Primordial'	1062.7	128.02	1	Points	'Primordial'	1058.6	118.95	2
DP28_25081_Section3_10X_ome_copy.tif - MIA	1.7	100	Points	'Primordial'	463.16	99.53	1	Points	'Primordial'	461.97	98.35	1
DP28_25081_Section3_10X_ome_copy.tif - MIA	1.5	100	Points	'Primordial'	474.34	153.0	1	Points	'Primordial'	475.42	153.98	1
DP28_25081_Section3_10X_ome_copy.tif - MIA	9.6	100	Points	'Transitional Primordial'	1468.9	1247.5	1	Points	'Primordial'	1466.8	1256.9	1
DP28_25081_Section3_10X_ome_copy.tif - MIA	0.7	100	Points	'Primordial'	787.93	1735.8	1	Points	'Primordial'	787.9	1736.5	1
DP28_25081_Section3_10X_ome_copy.tif - MIA	1.1	100	Points	'Primordial'	798.89	1708.7	1	Points	'Primordial'	798.4	1707.7	3
DP28_25081_Section3_10X_ome_copy.tif - MIA	2.1	100	Points	'Primordial'	1110.2	1597.8	1	Points	'Primordial'	1112.1	1596.8	1
DP28_25081_Section3_10X_ome_copy.tif - MIA	11.7	100	Points	'Primordial'	1226.3	1503.0	1	Points	'Primordial'	1233.3	1512.4	2
DP28_25081_Section3_10X_ome_copy.tif - MIA	0.3	100	Points	'Transitional Primordial'	633.11	79.67	1	Points	'Transitional Primordial'	632.84	79.58	1
DP28_25081_Section3_10X_ome_copy.tif - MIA	0.5	100	Points	'Transitional Primordial'	306.98	187.15	1	Points	'Transitional Primordial'	307.13	187.6	1
DP28_25081_Section3_10X_ome_copy.tif - MIA	0.4	100	Points	'Primordial'	826.87	1709.3	1	Points	'Transitional Primordial'	826.44	1709.3	1
DP28_25081_Section3_10X_ome_copy.tif - MIA	0.5	100	Points	'Primordial'	1188.8	1545.1	1	Points	'Primordial'	1188.4	1545.4	1
DP28_25081_Section3_10X_ome_copy.tif - MIA	0.4	100	Points	'Primordial'	257.98	899.33	1	Points	'Primordial'	257.89	899.76	1
DP28_25081_Section3_10X_ome_copy.tif - MIA	1.1	100	Points	'Primordial'	469.82	1520.2	1	Points	'Primordial'	470.65	1519.5	1
DP28_25081_Section3_10X_ome_copy.tif - MIA	0.9	100	Points	'Primordial'	295.47	184.59	1	Points	'Primordial'	294.61	184.44	1
DP28_25081_Section3_10X_ome_copy.tif - MIA	7.5	100	Points	'Transitional Primordial'	1282.3	293.63	1	Points	'Primordial'	1285.6	300.34	2
DP28_25081_Section3_10X_ome_copy.tif - MIA	0.1	100	Points	'Primordial'	1067.0	1610.3	1	Points	'Primordial'	1067.1	1610.2	1
DP28_25081_Section3_10X_ome_copy.tif - MIA	1.3	100	Points	'Primordial'	1223.9	250.67	1	Points	'Primordial'	1225.1	250.21	1
DP28_25081_Section3_10X_ome_copy.tif - MIA	1.0	100	Points	'Primordial'	746.7	41.59	1	Points	'Primordial'	746.5	42.59	1
DP28_25081_Section3_10X_ome_copy.tif - MIA	0.7	100	Points	'Primordial'	666.18	1704.0	1	Points	'Primordial'	665.82	1703.4	1
DP28_25081_Section3_10X_ome_copy.tif - MIA	1.4	100	Points	'Primordial'	380.08	1399.5	1	Points	'Primordial'	378.84	1398.9	1
DP28_25081_Section3_10X_ome_copy.tif - MIA	0.7	100	Points	'Secondary'	863.19	71.91	1	Points	'Secondary'	862.56	71.69	1
DP28_25081_Section3_10X_ome_copy.tif - MIA	7.5	100	Points	'Primordial'	1143.1	169.37	1	Points	'Primordial'	1135.7	168.4	1
DP28_25081_Section3_10X_ome_copy.tif - MIA	0.8	100	Points	'Primordial'	780.12	1734.9	1	Points	'Primordial'	780.78	1735.3	1
DP28_25081_Section3_10X_ome_copy.tif - MIA	0.6	100	Points	'Primordial'	1413.6	467.9	1	Points	'Primordial'	1413.1	468.14	1
DP28_25081_Section3_10X_ome_copy.tif - MIA	9.0	500	Polygon	'Antral'	231.18	581.34	1	Points	'Antral'	222.59	584.16	1
DP28_25081_Section3_10X_ome_copy.tif - MIA	2.3	100	Points	'Primordial'	248.89	902.49	1	Points	'Primordial'	249.2	904.75	1
DP28_25081_Section3_10X_ome_copy.tif - MIA	2.1	100	Points	'Primordial'	604.97	1711.6	1	Points	'Primordial'	604.25	1713.6	1
DP28_25081_Section3_10X_ome_copy.tif - MIA	0.9	100	Points	'Primordial'	298.05	1117.9	1	Points	'Primordial'	298.89	1118.3	1
DP28_25081_Section3_10X_ome_copy.tif - MIA	12.7	100	Points	'Transitional Primordial'	948.09	96.64	1	Points	'Primordial'	960.76	97.96	1
DP28_25081_Section3_10X_ome_copy.tif - MIA	1.7	100	Points	'Primordial'	815.27	1677.5	1	Points	'Primordial'	815.68	1675.8	1
DP28_25081_Section3_10X_ome_copy.tif - MIA	9.2	100	Points	'Primordial'	1126.0	161.37	1	Points	'Primordial'	1124.7	170.47	1
DP28_25081_Section3_10X_ome_copy.tif - MIA	2.4	100	Points	'Primordial'	622.75	1711.7	1	Points	'Primordial'	621.23	1709.9	1
DP28_25081_Section3_10X_ome_copy.tif - MIA	9.3	100	Points	'Primordial'	1344.2	1384.4	1	Points	'Primordial'	1353.3	1382.4	1
DP28_25081_Section3_10X_ome_copy.tif - MIA	1.2	100	Points	'Primordial'	1248.5	259.76	1	Points	'Primordial'	1249.6	260.26	2
DP28_25081_Section3_10X_ome_copy.tif - MIA	1.4	100	Points	'Primordial'	530.6	96.13	1	Points	'Primordial'	529.26	95.63	1
DP28_25081_Section3_10X_ome_copy.tif - MIA	1.8	100	Points	'Primordial'	639.43	49.44	1	Points	'Primordial'	637.71	49.78	1
DP28_25081_Section3_10X_ome_copy.tif - MIA	1.0	100	Points	'Primary'	627.79	1664.9	1	Points	'Transitional Primordial'	626.81	1665.2	1
DP28_25081_Section3_10X_ome_copy.tif - MIA	2.1	100	Points	'Primordial'	992.38	1651.6	1	Points	'Primordial'	993.64	1649.9	1
DP28_25081_Section3_10X_ome_copy.tif - MIA	12.3	100	Points	'Secondary'	465.54	118.65	1	Points	'Transitional Primary'	455.04	125.04	2
DP28_25081_Section3_10X_ome_copy.tif - MIA	6.4	100	Points	'Primordial'	1067.4	1616.6	1	Points	'Primordial'	1067.1	1610.2	2
DP28_25081_Section3_10X_ome_copy.tif - MIA	1.6	200	Points	'Transitional Primary'	272.37	194.52	1	Points	'Transitional Primordial'	270.9	195.15	1
DP28_25081_Section3_10X_ome_copy.tif - MIA	0.9	100	Points	'Primordial'	686.14	1727.2	1	Points	'Primordial'	686.22	1726.3	1
DP28_25081_Section3_10X_ome_copy.tif - MIA	0.7	100	Points	'Primordial'	904.98	103.23	1	Points	'Primordial'	905.26	102.58	1
DP28_25081_Section3_10X_ome_copy.tif - MIA	0.6	100	Points	'Primordial'	1258.4	1477.9	1	Points	'Primordial'	1258.0	1477.5	1
DP28_25081_Section3_10X_ome_copy.tif - MIA	7.6	100	Points	'Primordial'	1321.0	344.35	1	Points	'Primordial'	1319.9	336.86	3
DP28_25081_Section3_10X_ome_copy.tif - MIA	1.3	100	Points	'Transitional Primordial'	1080.9	1573.5	1	Points	'Transitional Primordial'	1080.7	1574.8	1
DP28_25081_Section3_10X_ome_copy.tif - MIA	1.5	100	Points	'Primordial'	910.95	1679.0	1	Points	'Primordial'	911.92	1677.9	1
DP28_25081_Section3_10X_ome_copy.tif - MIA	26.6	100	Points	'Transitional Primordial'	338.58	1268.0	1	Points	'Primary'	365.15	1267.9	2
DP28_25081_Section3_10X_ome_copy.tif - MIA	1.1	200	Points	'Transitional Primary'	239.95	297.89	1	Points	'Transitional Primordial'	238.9	297.95	1
DP28_25081_Section3_10X_ome_copy.tif - MIA	0.3	100	Points	'Primordial'	386.38	1339.9	1	Points	'Primordial'	386.46	1340.2	1
DP28_25081_Section3_10X_ome_copy.tif - MIA	0.8	100	Points	'Primordial'	1038.9	127.8	1	Points	'Primordial'	1038.2	127.4	1
DP28_25081_Section3_10X_ome_copy.tif - MIA	13.7	100	Points	'Transitional Primordial'	1305.9	308.29	1	Points	'Primordial'	1292.3	306.77	2
DP28_25081_Section3_10X_ome_copy.tif - MIA	1.1	100	Points	'Primordial'	517.79	1591.9	1	Points	'Primordial'	516.96	1592.6	1
DP28_25081_Section3_10X_ome_copy.tif - MIA	3.4	100	Points	'Primordial'	595.29	1695.1	1	Points	'Primordial'	596.56	1698.2	1
DP28_25081_Section3_10X_ome_copy.tif - MIA	8.0	100	Points	'Primordial'	503.27	1578.1	1	Points	'Primordial'	507.32	1585.0	3
DP28_25081_Section3_10X_ome_copy.tif - MIA	0.7	100	Points	'Primordial'	903.15	1677.0	1	Points	'Transitional Primordial'	903.5	1676.4	1
DP28_25081_Section3_10X_ome_copy.tif - MIA	1.1	100	Points	'Primordial'	1039.4	1633.3	1	Points	'Primordial'	1039.0	1632.3	1
DP28_25081_Section3_10X_ome_copy.tif - MIA	0.5	100	Points	'Primordial'	708.45	51.01	1	Points	'Primordial'	708.19	51.43	1
DP28_25081_Section3_10X_ome_copy.tif - MIA	1.7	100	Points	'Primordial'	1079.1	1620.8	1	Points	'Primordial'	1080.4	1621.9	1
DP28_25081_Section3_10X_ome_copy.tif - MIA	2.6	100	Points	'Primordial'	209.07	287.99	1	Points	'Primordial'	211.37	289.24	1
DP28_25081_Section3_10X_ome_copy.tif - MIA	0.9	100	Points	'Primordial'	1017.9	1621.5	1	Points	'Primordial'	1018.2	1620.7	1
DP28_25081_Section3_10X_ome_copy.tif - MIA	2.0	100	Points	'Primordial'	622.21	1717.3	1	Points	'Primordial'	624.07	1718.1	1
DP28_25081_Section3_10X_ome_copy.tif - MIA	1.0	100	Points	'Primordial'	961.47	98.7	1	Points	'Primordial'	960.76	97.96	2
DP28_25081_Section3_10X_ome_copy.tif - MIA	0.3	100	Points	'Primordial'	1233.1	242.47	1	Points	'Primordial'	1233.4	242.37	1
DP28_25081_Section3_10X_ome_copy.tif - MIA	6.8	100	Points	'Transitional Primordial'	775.84	1740.0	1	Points	'Primordial'	780.78	1735.3	2
DP28_25081_Section3_10X_ome_copy.tif - MIA	1.7	100	Points	'Primordial'	566.93	80.69	1	Points	'Primordial'	565.23	80.48	1
DP28_25081_Section3_10X_ome_copy.tif - MIA	2.6	100	Points	'Primordial'	1046.2	114.72	1	Points	'Primordial'	1045.7	112.15	1
DP28_25081_Section3_10X_ome_copy.tif - MIA	0.8	100	Points	'Primordial'	339.32	787.47	1	Points	'Primordial'	338.98	786.76	1
DP28_25081_Section3_10X_ome_copy.tif - MIA	0.2	100	Points	'Transitional Primordial'	1169.5	215.44	1	Points	'Transitional Primordial'	1169.3	215.46	1
DP28_25081_Section3_10X_ome_copy.tif - MIA	1.0	100	Points	'Primordial'	964.79	1665.9	1	Points	'Primordial'	964.72	1666.9	1
DP28_25081_Section3_10X_ome_copy.tif - MIA	2.2	100	Points	'Primordial'	1024.6	1645.5	1	Points	'Primordial'	1025.1	1647.6	1
DP28_25081_Section3_10X_ome_copy.tif - MIA	1.3	100	Points	'Primordial'	1053.7	1633.6	1	Points	'Primordial'	1054.9	1634.2	1
DP28_25081_Section3_10X_ome_copy.tif - MIA	10.0	100	Points	'Primordial'	376.2	1334.2	1	Points	'Primordial'	373.19	1343.7	1
DP28_25081_Section3_10X_ome_copy.tif - MIA	0.7	100	Points	'Primordial'	1081.4	1601.3	1	Points	'Primordial'	1081.4	1600.6	1
DP28_25081_Section3_10X_ome_copy.tif - MIA	1.2	100	Points	'Primordial'	550.33	93.91	1	Points	'Primordial'	549.5	92.99	1
DP28_25081_Section3_10X_ome_copy.tif - MIA	1.9	100	Points	'Primordial'	1200.9	1522.0	1	Points	'Primordial'	1201.2	1523.9	2
DP28_25081_Section3_10X_ome_copy.tif - MIA	0.9	100	Points	'Primordial'	1073.2	1609.8	1	Points	'Primordial'	1074.1	1609.5	1
DP28_25081_Section3_10X_ome_copy.tif - MIA	0.7	100	Points	'Primordial'	1115.1	1604.7	1	Points	'Primordial'	1114.4	1604.9	1
DP28_25081_Section3_10X_ome_copy.tif - MIA	11.8	100	Points	'Transitional Primordial'	1302.1	313.37	1	Points	'Primordial'	1292.3	306.77	3
DP28_25081_Section3_10X_ome_copy.tif - MIA	1.3	100	Points	'Primordial'	545.29	1626.3	1	Points	'Primordial'	545.97	1625.2	1
DP28_25081_Section3_10X_ome_copy.tif - MIA	0.9	100	Points	'Primordial'	706.79	1708.8	1	Points	'Primordial'	705.93	1708.8	1
DP28_25081_Section3_10X_ome_copy.tif - MIA	0.9	100	Points	'Primordial'	1259.6	278.27	1	Points	'Unkown?'	1260.4	277.89	1
DP28_25081_Section3_10X_ome_copy.tif - MIA	2.3	100	Points	'Primordial'	879.2	1700.9	1	Points	'Primordial'	878.14	1698.9	1
DP28_25081_Section3_10X_ome_copy.tif - MIA	10.1	100	Points	'Transitional Primordial'	1117.4	155.64	1	Points	'Primordial'	1107.7	152.79	2
DP28_25081_Section3_10X_ome_copy.tif - MIA	7.9	100	Points	'Primordial'	1241.4	255.61	1	Points	'Primordial'	1234.1	252.69	1
DP28_25081_Section3_10X_ome_copy.tif - MIA	1.0	100	Points	'Primordial'	922.19	100.43	1	Points	'Primordial'	923.22	100.32	1
DP28_25081_Section3_10X_ome_copy.tif - MIA	1.7	100	Points	'Primordial'	1022.7	105.59	1	Points	'Primordial'	1024.4	105.85	2
DP28_25081_Section3_10X_ome_copy.tif - MIA	0.8	100	Points	'Primordial'	454.6	1505.7	1	Points	'Primordial'	454.15	1505.1	1
DP28_25081_Section3_10X_ome_copy.tif - MIA	1.2	100	Points	'Primordial'	1104.5	1600.8	1	Points	'Primordial'	1103.4	1601.3	1
DP28_25081_Section3_10X_ome_copy.tif - MIA	2.0	100	Points	'Primordial'	578.04	73.76	1	Points	'Primordial'	576.06	74.07	1
DP28_25081_Section3_10X_ome_copy.tif - MIA	1.6	100	Points	'Primordial'	435.49	1486.1	1	Points	'Primordial'	436.49	1484.9	1
DP28_25081_Section3_10X_ome_copy.tif - MIA	1.7	100	Points	'Primordial'	570.63	1631.8	1	Points	'Primordial'	572.1	1632.6	1
DP28_25081_Section3_10X_ome_copy.tif - MIA	0.4	100	Points	'Primordial'	954.7	109.7	1	Points	'Primordial'	954.67	109.31	1
DP28_25081_Section3_10X_ome_copy.tif - MIA	0.2	100	Points	'Primordial'	1027.2	1638.2	1	Points	'Primordial'	1027.1	1638.4	1
DP28_25081_Section3_10X_ome_copy.tif - MIA	0.2	100	Points	'Primordial'	529.72	102.75	1	Points	'Primordial'	529.85	102.96	1
DP28_25081_Section3_10X_ome_copy.tif - MIA	0.5	100	Points	'Primordial'	1320.7	1402.1	1	Points	'Primordial'	1321.0	1401.7	1
DP28_25081_Section3_10X_ome_copy.tif - MIA	2.1	100	Points	'Primordial'	1061.3	1613.0	1	Points	'Primordial'	1059.9	1614.6	1
DP28_25081_Section3_10X_ome_copy.tif - MIA	1.4	200	Points	'Transitional Primary'	269.84	892.41	1	Points	'Transitional Primary'	268.49	892.69	1
DP28_25081_Section3_10X_ome_copy.tif - MIA	0.3	100	Points	'Primordial'	1508.7	694.33	1	Points	'Primordial'	1509.0	694.48	1
DP28_25081_Section3_10X_ome_copy.tif - MIA	0.6	100	Points	'Primordial'	397.87	1432.1	1	Points	'Primordial'	397.66	1432.7	1
DP28_25081_Section3_10X_ome_copy.tif - MIA	7.3	100	Points	'Primordial'	1234.6	259.96	1	Points	'Primordial'	1234.1	252.69	2
DP28_25081_Section3_10X_ome_copy.tif - MIA	7.5	100	Points	'Primordial'	1316.6	1407.8	1	Points	'Primordial'	1321.0	1401.7	2
DP28_25081_Section3_10X_ome_copy.tif - MIA	9.9	100	Points	'Primordial'	1245.4	275.86	1	Points	'Primordial'	1243.0	285.45	2
DP28_25081_Section3_10X_ome_copy.tif - MIA	8.9	100	Points	'Primordial'	1116.1	149.84	1	Points	'Primordial'	1107.7	152.79	3
DP28_25081_Section3_10X_ome_copy.tif - MIA	0.5	100	Points	'Primordial'	848.27	1684.1	1	Points	'Primordial'	848.34	1683.6	1
DP28_25081_Section3_10X_ome_copy.tif - MIA	2.1	100	Points	'Primordial'	1168.9	1577.6	1	Points	'Primordial'	1170.5	1576.2	1
DP28_25081_Section3_10X_ome_copy.tif - MIA	1.5	100	Points	'Primordial'	372.35	1319.9	1	Points	'Primordial'	371.52	1321.1	1
DP28_25081_Section3_10X_ome_copy.tif - MIA	0.6	100	Points	'Primordial'	1074.4	1625.2	1	Points	'Primordial'	1074.0	1625.6	1
DP28_25081_Section3_10X_ome_copy.tif - MIA	1.1	100	Points	'Transitional Primordial'	869.39	79.89	1	Points	'Primordial'	869.65	80.97	1
DP28_25081_Section3_10X_ome_copy.tif - MIA	6.9	100	Points	'Primordial'	1031.1	107.38	1	Points	'Primordial'	1024.4	105.85	3
DP28_25081_Section3_10X_ome_copy.tif - MIA	2.2	100	Points	'Primordial'	559.28	107.17	1	Points	'Transitional Primordial'	558.29	105.21	2
DP28_25081_Section3_10X_ome_copy.tif - MIA	0.9	100	Points	'Primordial'	933.45	1690.1	1	Points	'Primordial'	933.31	1689.2	2
DP28_25081_Section3_10X_ome_copy.tif - MIA	0.6	100	Points	'Primordial'	468.63	1527.7	1	Points	'Primordial'	468.19	1528.1	1
DP28_25081_Section3_10X_ome_copy.tif - MIA	2.2	100	Points	'Primordial'	439.8	1432.9	1	Points	'Primordial'	437.62	1433.1	1
DP28_25081_Section3_10X_ome_copy.tif - MIA	10.0	100	Points	'Primordial'	916.71	1696.5	1	Points	'Primordial'	925.59	1691.9	1
DP28_25081_Section3_10X_ome_copy.tif - MIA	0.4	100	Points	'Primordial'	1261.1	1485.5	1	Points	'Primordial'	1261.5	1485.7	1
DP28_25081_Section3_10X_ome_copy.tif - MIA	6.3	100	Points	'Transitional Primordial'	1241.6	263.82	1	Points	'Primordial'	1236.9	267.95	1
DP28_25081_Section3_10X_ome_copy.tif - MIA	11.7	100	Points	'Transitional Primordial'	807.49	1697.8	1	Points	'Primordial'	810.71	1686.6	1
DP28_25081_Section3_10X_ome_copy.tif - MIA	0.6	200	Points	'Transitional Primary'	510.22	1525.4	1	Points	'Transitional Primary'	509.8	1525.0	1
DP28_25081_Section3_10X_ome_copy.tif - MIA	1.5	100	Points	'Primordial'	696.54	48.51	1	Points	'Primordial'	696.08	47.1	1
DP28_25081_Section3_10X_ome_copy.tif - MIA	0.3	100	Points	'Primordial'	1003.0	1626.4	1	Points	'Primordial'	1002.8	1626.2	1
DP28_25081_Section3_10X_ome_copy.tif - MIA	8.1	100	Points	'Primordial'	460.03	1510.7	1	Points	'Primordial'	454.15	1505.1	2
DP28_25081_Section3_10X_ome_copy.tif - MIA	0.6	100	Points	'Primordial'	437.43	1447.4	1	Points	'Primordial'	437.94	1447.7	1
DP28_25081_Section3_10X_ome_copy.tif - MIA	14.0	100	Points	'Transitional Primordial'	849.22	67.52	1	Points	'Secondary'	862.56	71.69	2
DP28_25081_Section3_10X_ome_copy.tif - MIA	1.6	100	Points	'Primordial'	924.48	1690.7	1	Points	'Primordial'	925.59	1691.9	2
DP28_25081_Section3_10X_ome_copy.tif - MIA	2.1	100	Points	'Primordial'	950.81	1661.8	1	Points	'Primordial'	948.67	1661.6	1
DP28_25081_Section3_10X_ome_copy.tif - MIA	1.0	100	Points	'Primordial'	1134.9	169.07	1	Points	'Primordial'	1135.7	168.4	2
DP28_25081_Section3_10X_ome_copy.tif - MIA	1.6	100	Points	'Primordial'	1423.2	455.4	1	Points	'Primordial'	1424.7	455.94	1
DP28_25081_Section3_10X_ome_copy.tif - MIA	1.3	100	Points	'Primordial'	1176.3	1559.9	1	Points	'Primordial'	1175.0	1560.2	1
DP28_25081_Section3_10X_ome_copy.tif - MIA	0.4	100	Points	'Primordial'	1503.0	713.51	1	Points	'Primordial'	1502.7	713.22	1
DP28_25081_Section3_10X_ome_copy.tif - MIA	1.3	100	Points	'Primordial'	728.16	65.87	1	Points	'Primordial'	728.43	64.61	1
DP28_25081_Section3_10X_ome_copy.tif - MIA	6.9	100	Points	'Primordial'	823.86	1715.7	1	Points	'Transitional Primordial'	826.44	1709.3	2
DP28_25081_Section3_10X_ome_copy.tif - MIA	0.5	100	Points	'Transitional Primordial'	767.2	74.69	1	Points	'Transitional Primordial'	767.46	75.16	1
DP28_25081_Section3_10X_ome_copy.tif - MIA	0.4	100	Points	'Primordial'	695.67	1742.1	1	Points	'Primordial'	696.03	1742.0	1
DP28_25081_Section3_10X_ome_copy.tif - MIA	18.5	100	Points	'Primordial'	1120.5	189.82	1	Points	'Primordial'	1131.0	174.58	2
DP28_25081_Section3_10X_ome_copy.tif - MIA	0.5	100	Points	'Primordial'	661.04	1715.8	1	Points	'Primordial'	661.39	1715.4	1
DP28_25081_Section3_10X_ome_copy.tif - MIA	8.3	100	Points	'Transitional Primordial'	1047.1	1602.5	1	Points	'Primordial'	1053.9	1597.8	1
DP28_25081_Section3_10X_ome_copy.tif - MIA	2.1	100	Points	'Primordial'	591.41	69.89	1	Points	'Primordial'	592.54	68.07	1
DP28_25081_Section3_10X_ome_copy.tif - MIA	1.8	100	Points	'Primordial'	416.27	1430.4	1	Points	'Primordial'	414.54	1429.8	1
DP28_25081_Section3_10X_ome_copy.tif - MIA	17.2	100	Points	'Transitional Primordial'	648.38	1699.5	1	Points	'Primordial'	640.31	1684.3	1
DP28_25081_Section3_10X_ome_copy.tif - MIA	0.7	100	Points	'Primordial'	1130.6	174.01	1	Points	'Primordial'	1131.0	174.58	3
DP28_25081_Section3_10X_ome_copy.tif - MIA	19.6	100	Points	'Primordial'	364.17	1291.9	1	Points	'Multi-oocytic'	381.87	1283.4	2
DP28_25081_Section3_10X_ome_copy.tif - MIA	1.0	100	Points	'Primordial'	394.51	1413.4	1	Points	'Primordial'	393.56	1413.0	1
DP28_25081_Section3_10X_ome_copy.tif - MIA	1.4	100	Points	'Primordial'	546.88	1609.8	1	Points	'Primordial'	547.26	1608.5	1
DP28_25081_Section3_10X_ome_copy.tif - MIA	0.1	100	Points	'Primordial'	424.83	1411.9	1	Points	'Primordial'	424.96	1411.9	1
DP28_25081_Section3_10X_ome_copy.tif - MIA	1.3	100	Points	'Primordial'	887.0	1696.9	1	Points	'Primordial'	888.19	1697.3	1
DP28_25081_Section3_10X_ome_copy.tif - MIA	0.7	100	Points	'Primordial'	771.95	41.24	1	Points	'Primordial'	771.35	40.9	1
DP28_25081_Section3_10X_ome_copy.tif - MIA	1.2	100	Points	'Primordial'	993.57	1664.5	1	Points	'Primordial'	992.37	1664.3	1
DP28_25081_Section3_10X_ome_copy.tif - MIA	1.0	100	Points	'Primordial'	380.45	1358.8	1	Points	'Primordial'	380.36	1357.8	1
DP28_25081_Section3_10X_ome_copy.tif - MIA	9.1	100	Points	'Primordial'	484.31	1558.3	1	Points	'Primordial'	489.63	1550.9	3
DP28_25081_Section3_10X_ome_copy.tif - MIA	0.5	100	Points	'Primordial'	772.81	1732.4	1	Points	'Transitional Primordial'	773.1	1732.0	3
DP28_25081_Section3_10X_ome_copy.tif - MIA	5.2	100	Points	'Transitional Primordial'	1323.3	332.96	1	Points	'Primordial'	1319.9	336.86	4
DP28_25081_Section3_10X_ome_copy.tif - MIA	1.2	100	Points	'Primordial'	191.65	311.88	1	Points	'Primordial'	192.83	312.1	1
DP28_25081_Section3_10X_ome_copy.tif - MIA	6.1	100	Points	'Primordial'	1121.1	165.52	1	Points	'Primordial'	1124.7	170.47	2
DP28_25081_Section3_10X_ome_copy.tif - MIA	0.7	100	Points	'Primordial'	237.37	269.31	1	Points	'Primordial'	237.1	269.95	1
DP28_25081_Section3_10X_ome_copy.tif - MIA	1.6	100	Points	'Primordial'	1442.4	1288.9	1	Points	'Primordial'	1443.9	1289.4	1
DP28_25081_Section3_10X_ome_copy.tif - MIA	1.4	100	Points	'Primordial'	543.87	1599.7	1	Points	'Primordial'	542.69	1598.9	2
DP28_25081_Section3_10X_ome_copy.tif - MIA	0.3	100	Points	'Primordial'	233.45	225.78	1	Points	'Primordial'	233.63	225.51	1
DP28_25081_Section3_10X_ome_copy.tif - MIA	0.9	100	Points	'Primordial'	1147.1	182.21	1	Points	'Primordial'	1148.0	182.0	1
DP28_25081_Section3_10X_ome_copy.tif - MIA	0.8	100	Points	'Primordial'	1053.2	1597.5	1	Points	'Primordial'	1053.9	1597.8	2
DP28_25081_Section3_10X_ome_copy.tif - MIA	2.3	100	Points	'Primordial'	1278.5	309.3	1	Points	'Primordial'	1277.8	311.51	2
DP28_25081_Section3_10X_ome_copy.tif - MIA	4.7	500	Polygon	'Antral'	1457.9	795.65	1	Points	'Antral'	1457.3	790.95	2
DP28_25081_Section3_10X_ome_copy.tif - MIA	0.9	100	Points	'Primordial'	1269.5	1472.5	1	Points	'Primordial'	1269.3	1473.4	1
DP28_25081_Section3_10X_ome_copy.tif - MIA	1.2	100	Points	'Primordial'	683.08	1713.1	1	Points	'Primordial'	681.87	1713.0	2
DP28_25081_Section3_10X_ome_copy.tif - MIA	1.3	100	Points	'Primordial'	502.88	89.16	1	Points	'Primordial'	503.4	87.96	1
DP28_25081_Section3_10X_ome_copy.tif - MIA	9.8	100	Points	'Primordial'	823.86	1721.5	1	Points	'Primordial'	817.01	1728.5	2
DP28_25081_Section3_10X_ome_copy.tif - MIA	6.0	500	Polygon	'Antral'	1480.7	1075.0	1	Points	'Antral'	1477.0	1070.3	1
DP28_25081_Section3_10X_ome_copy.tif - MIA	25.6	100	Points	'Primordial'	324.67	1268.3	1	Points	'Primordial'	325.93	1242.7	2
DP28_25081_Section3_10X_ome_copy.tif - MIA	0.5	100	Points	'Primordial'	342.41	1315.9	1	Points	'Primordial'	342.19	1316.3	1
DP28_25081_Section3_10X_ome_copy.tif - MIA	6.1	100	Points	'Transitional Primordial'	495.54	1576.5	1	Points	'Primordial'	490.22	1579.5	2
DP28_25081_Section3_10X_ome_copy.tif - MIA	1.7	100	Points	'Primordial'	375.38	126.54	1	Points	'Primordial'	376.91	125.92	1
DP28_25081_Section3_10X_ome_copy.tif - MIA	7.2	100	Points	'Primordial'	349.43	1338.8	1	Points	'Transitional Primordial'	356.32	1340.8	2
DP28_25081_Section3_10X_ome_copy.tif - MIA	0.9	100	Points	'Primordial'	179.91	374.88	1	Points	'Primordial'	179.09	375.24	1
DP28_25081_Section3_10X_ome_copy.tif - MIA	7.5	100	Points	'Primordial'	1009.6	104.05	1	Points	'Transitional Primordial'	1016.6	106.77	1
DP28_25081_Section3_10X_ome_copy.tif - MIA	10.4	100	Points	'Primordial'	283.88	209.03	1	Points	'Transitional Primordial'	290.59	216.94	2
DP28_25081_Section3_10X_ome_copy.tif - MIA	1.3	100	Points	'Transitional Primordial'	398.67	1391.4	1	Points	'Primordial'	399.9	1391.9	1
DP28_25081_Section3_10X_ome_copy.tif - MIA	0.1	100	Points	'Transitional Primordial'	1507.4	720.9	1	Points	'Transitional Primordial'	1507.4	720.95	1
DP28_25081_Section3_10X_ome_copy.tif - MIA	0.7	100	Points	'Multilayer'	781.47	86.03	1	Points	'Transitional Primary'	781.83	86.63	1
DP28_25081_Section3_10X_ome_copy.tif - MIA	1.7	100	Points	'Secondary'	1073.9	154.73	1	Points	'Primary'	1074.3	156.43	1
DP28_25081_Section3_10X_ome_copy.tif - MIA	1.1	100	Points	'Primordial'	1233.9	251.56	1	Points	'Primordial'	1234.1	252.69	3
DP28_25081_Section3_10X_ome_copy.tif - MIA	0.9	100	Points	'Primordial'	1005.2	1647.6	1	Points	'Primordial'	1004.3	1647.7	1
DP28_25081_Section3_10X_ome_copy.tif - MIA	0.7	100	Points	'Transitional Primordial'	763.73	1747.3	1	Points	'Primordial'	764.02	1746.7	2
DP28_25081_Section3_10X_ome_copy.tif - MIA	0.8	100	Points	'Primordial'	173.38	358.82	1	Points	'Primordial'	172.65	359.12	1
DP28_25081_Section3_10X_ome_copy.tif - MIA	4.5	100	Points	'Multilayer'	1378.6	423.19	1	Points	'Multi-oocytic'	1375.6	419.85	1
DP28_25081_Section3_10X_ome_copy.tif - MIA	0.7	100	Points	'Primordial'	711.83	59.83	1	Points	'Primordial'	711.32	59.37	1
DP28_25081_Section3_10X_ome_copy.tif - MIA	2.4	100	Points	'Primordial'	565.31	1613.7	1	Points	'Primordial'	565.85	1616.0	1
DP28_25081_Section3_10X_ome_copy.tif - MIA	1.0	100	Points	'Primordial'	226.87	308.51	1	Points	'Primordial'	226.19	307.84	2
DP28_25081_Section3_10X_ome_copy.tif - MIA	6.0	100	Points	'Primordial'	981.58	95.58	1	Points	'Primordial'	984.27	100.93	2
DP28_25081_Section3_10X_ome_copy.tif - MIA	7.8	100	Points	'Primordial'	1109.6	1611.2	1	Points	'Primordial'	1104.0	1616.6	2
DP28_25081_Section3_10X_ome_copy.tif - MIA	2.8	100	Points	'Primordial'	1352.7	1385.1	1	Points	'Primordial'	1353.3	1382.4	2
DP28_25081_Section3_10X_ome_copy.tif - MIA	1.0	100	Polygon	'Multilayer'	571.14	1555.9	1	Points	'Multi-oocytic'	572.05	1555.4	1
DP28_25081_Section3_10X_ome_copy.tif - MIA	0.5	100	Points	'Primordial'	1226.2	1516.9	1	Points	'Primordial'	1225.7	1516.9	1
DP28_25081_Section3_10X_ome_copy.tif - MIA	0.4	100	Points	'Primordial'	419.75	1462.4	1	Points	'Primordial'	419.67	1462.0	2
DP28_25081_Section3_10X_ome_copy.tif - MIA	11.9	100	Points	'Primordial'	315.11	1254.9	1	Points	'Primordial'	317.48	1243.2	2
DP28_25081_Section3_10X_ome_copy.tif - MIA	10.2	100	Points	'Primordial'	1215.7	1514.9	1	Points	'Primordial'	1225.7	1516.9	2
DP28_25081_Section3_10X_ome_copy.tif - MIA	34.0	500	Polygon	'Atretic Antral'	354.03	658.67	1	Points	'Atretic Antral'	352.46	692.6	1
DP28_25081_Section3_10X_ome_copy.tif - MIA	0.3	100	Points	'Transitional Primordial'	1028.8	122.65	1	Points	'Transitional Primordial'	1029.0	122.5	1
DP28_25081_Section3_10X_ome_copy.tif - MIA	1.6	100	Points	'Primordial'	500.02	98.05	1	Points	'Primordial'	498.79	97.06	2
DP28_25081_Section3_10X_ome_copy.tif - MIA	12.8	500	Polygon	'Antral'	334.67	281.29	1	Points	'Atretic Antral'	324.67	273.25	1
DP28_25081_Section3_10X_ome_copy.tif - MIA	1.0	100	Points	'Primordial'	1284.6	308.71	1	Points	'Primordial'	1285.6	308.48	1
DP28_25081_Section3_10X_ome_copy.tif - MIA	1.1	100	Points	'Primordial'	641.23	1683.7	1	Points	'Primordial'	640.31	1684.3	2
DP28_25081_Section3_10X_ome_copy.tif - MIA	0.7	100	Points	'Primordial'	1124.0	170.65	1	Points	'Primordial'	1124.7	170.47	3
DP28_25081_Section3_10X_ome_copy.tif - MIA	4.4	100	Points	'Multilayer'	373.82	1243.7	1	Points	'Multi-oocytic'	377.2	1246.5	1
DP28_25081_Section3_10X_ome_copy.tif - MIA	1.9	100	Points	'Primordial'	461.81	1530.3	1	Points	'Primordial'	461.23	1528.5	1
DP28_25081_Section3_10X_ome_copy.tif - MIA	0.9	100	Points	'Primordial'	963.96	119.41	1	Points	'Transitional Primordial'	964.62	118.86	1
DP28_25081_Section3_10X_ome_copy.tif - MIA	19.4	200	Points	'Transitional Primary'	208.81	371.56	1	Points	'Primordial'	190.49	365.04	2
DP28_25081_Section3_10X_ome_copy.tif - MIA	0.9	100	Points	'Primordial'	1488.6	923.77	1	Points	'Primordial'	1488.3	924.57	1
DP28_25081_Section3_10X_ome_copy.tif - MIA	16.4	100	Points	'Primordial'	572.76	1683.4	1	Points	'Primordial'	577.69	1667.8	3
DP28_25081_Section3_10X_ome_copy.tif - MIA	1.6	100	Points	'Primordial'	616.33	1715.1	1	Points	'Primordial'	615.32	1713.8	1
DP28_25081_Section3_10X_ome_copy.tif - MIA	1.1	100	Points	'Transitional Primordial'	874.37	83.37	1	Points	'Primordial'	874.9	84.32	1
DP28_25081_Section3_10X_ome_copy.tif - MIA	0.7	100	Points	'Primary'	569.58	102.75	1	Points	'Transitional Primordial'	569.04	103.16	1
DP28_25081_Section3_10X_ome_copy.tif - MIA	0.8	100	Points	'Primordial'	388.54	1326.1	1	Points	'Primordial'	388.18	1326.8	2
DP28_25081_Section3_10X_ome_copy.tif - MIA	1.0	100	Points	'Primordial'	677.44	1692.2	1	Points	'Primordial'	676.99	1691.3	1
DP28_25081_Section3_10X_ome_copy.tif - MIA	8.2	100	Points	'Primordial'	638.73	1725.8	1	Points	'Primordial'	644.52	1731.6	2
DP28_25081_Section3_10X_ome_copy.tif - MIA	1.7	100	Points	'Primordial'	416.56	120.66	1	Points	'Primordial'	415.79	122.19	1
DP28_25081_Section3_10X_ome_copy.tif - MIA	8.4	100	Points	'Primordial'	536.62	1604.7	1	Points	'Primordial'	542.69	1598.9	3
DP28_25081_Section3_10X_ome_copy.tif - MIA	0.8	100	Points	'Primordial'	358.22	1348.6	1	Points	'Primordial'	359.01	1348.8	1
DP28_25081_Section3_10X_ome_copy.tif - MIA	0.4	100	Points	'Secondary'	497.09	802.74	1	Points	'Primary'	496.72	802.59	2
DP28_25081_Section3_10X_ome_copy.tif - MIA	0.6	100	Points	'Primordial'	1467.2	1257.3	1	Points	'Primordial'	1466.8	1256.9	2
DP28_25081_Section3_10X_ome_copy.tif - MIA	11.3	500	Polygon	'Atretic Antral'	1413.9	618.1	1	Points	'Atretic Antral'	1417.5	607.42	1
DP28_25081_Section3_10X_ome_copy.tif - MIA	0.7	100	Points	'Primordial'	293.51	1129.1	1	Points	'Primordial'	292.79	1129.1	1
DP28_25081_Section3_10X_ome_copy.tif - MIA	0.9	100	Points	'Primordial'	240.53	279.19	1	Points	'Primordial'	239.67	279.32	1
DP28_25081_Section3_10X_ome_copy.tif - MIA	1.3	100	Points	'Primordial'	604.87	1669.4	1	Points	'Primordial'	603.62	1668.9	1
DP28_25081_Section3_10X_ome_copy.tif - MIA	0.5	100	Points	'Transitional Primordial'	1485.6	870.59	1	Points	'Primordial'	1486.1	870.39	1
DP28_25081_Section3_10X_ome_copy.tif - MIA	8.1	100	Points	'Transitional Primordial'	416.59	1407.2	1	Points	'Primordial'	411.78	1413.7	2
DP28_25081_Section3_10X_ome_copy.tif - MIA	0.6	100	Points	'Primordial'	181.97	365.47	1	Points	'Primordial'	181.57	365.98	1
DP28_25081_Section3_10X_ome_copy.tif - MIA	1.5	200	Points	'Transitional Primary'	393.79	1232.7	1	Points	'Transitional Primary'	392.42	1233.3	1
DP28_25081_Section3_10X_ome_copy.tif - MIA	0.1	100	Points	'Primordial'	1233.2	1512.4	1	Points	'Primordial'	1233.3	1512.4	3
DP28_25081_Section3_10X_ome_copy.tif - MIA	13.3	500	Polygon	'Antral'	325.52	992.97	1	Points	'Antral'	312.26	993.16	1
DP28_25081_Section3_10X_ome_copy.tif - MIA	1.3	100	Points	'Primordial'	242.77	876.28	1	Points	'Primordial'	243.98	876.71	1
DP28_25081_Section3_10X_ome_copy.tif - MIA	7.3	100	Points	'Primordial'	478.41	1553.5	1	Points	'Primordial'	477.11	1546.3	2
DP28_25081_Section3_10X_ome_copy.tif - MIA	31.5	200	Points	'Transitional Primary'	463.77	1408.0	1	Points	'Transitional Primary'	435.26	1394.5	1
DP28_25081_Section3_10X_ome_copy.tif - MIA	0.8	100	Points	'Primordial'	928.75	1697.1	1	Points	'Primordial'	929.57	1696.9	1
DP28_25081_Section3_10X_ome_copy.tif - MIA	2.4	500	Points	'Multi-oocytic'	481.28	1529.2	1	Points	'Primordial'	482.26	1531.4	1
DP28_25081_Section3_10X_ome_copy.tif - MIA	0.5	100	Points	'Primordial'	1306.0	1424.5	1	Points	'Primordial'	1305.9	1425.0	1
DP28_25081_Section3_10X_ome_copy.tif - MIA	0.9	100	Points	'Secondary'	1140.8	190.33	1	Points	'Transitional Primary'	1141.4	189.7	1
DP28_25081_Section3_10X_ome_copy.tif - MIA	1.4	200	Points	'Transitional Primary'	348.0	1241.7	1	Points	'Transitional Primary'	348.8	1242.9	1
DP28_25081_Section3_10X_ome_copy.tif - MIA	0.4	100	Points	'Primordial'	187.95	343.18	1	Points	'Primordial'	187.83	342.83	1
DP28_25081_Section3_10X_ome_copy.tif - MIA	1.7	100	Points	'Primordial'	839.87	1685.1	1	Points	'Primordial'	838.4	1685.9	1
DP28_25081_Section3_10X_ome_copy.tif - MIA	1.5	100	Points	'Primordial'	654.82	1727.3	1	Points	'Primordial'	654.22	1728.7	1
DP28_25081_Section3_10X_ome_copy.tif - MIA	0.3	100	Points	'Primordial'	1362.0	369.54	1	Points	'Primordial'	1362.2	369.69	1
DP28_25081_Section3_10X_ome_copy.tif - MIA	0.8	100	Points	'Primordial'	338.46	1325.5	1	Points	'Primordial'	337.98	1326.1	1
DP28_25081_Section3_10X_ome_copy.tif - MIA	1.1	100	Points	'Primordial'	1268.4	287.03	1	Points	'Unkown?'	1267.4	286.57	1
DP28_25081_Section3_10X_ome_copy.tif - MIA	8.6	100	Points	'Primordial'	1250.5	281.2	1	Points	'Primordial'	1243.0	285.45	3
DP28_25081_Section3_10X_ome_copy.tif - MIA	0.4	100	Points	'Transitional Primordial'	916.9	92.7	1	Points	'Primordial'	916.91	93.08	1
DP28_25081_Section3_10X_ome_copy.tif - MIA	0.8	100	Points	'Primordial'	995.6	99.11	1	Points	'Primordial'	996.17	99.65	1
DP28_25081_Section3_10X_ome_copy.tif - MIA	0.4	100	Points	'Primordial'	990.45	116.33	1	Points	'Primordial'	990.32	116.76	1
DP28_25081_Section3_10X_ome_copy.tif - MIA	0.4	100	Points	'Primordial'	674.19	54.77	1	Points	'Primordial'	674.58	54.55	1
DP28_25081_Section3_10X_ome_copy.tif - MIA	15.8	100	Points	'Primary'	351.48	1291.6	1	Points	'Primordial'	347.91	1307.0	1
DP28_25081_Section3_10X_ome_copy.tif - MIA	1.3	100	Points	'Primordial'	792.57	1727.5	1	Points	'Primordial'	792.45	1728.8	1
DP28_25081_Section3_10X_ome_copy.tif - MIA	1.4	100	Points	'Primordial'	805.19	1726.3	1	Points	'Primordial'	804.25	1727.4	1
DP28_25081_Section3_10X_ome_copy.tif - MIA	3.2	100	Points	'Secondary'	1292.6	340.33	1	Points	'Secondary'	1295.4	341.82	1
DP28_25081_Section3_10X_ome_copy.tif - MIA	6.2	100	Points	'Secondary'	750.01	70.15	1	Points	'Secondary'	744.34	67.57	1
DP28_25081_Section3_10X_ome_copy.tif - MIA	1.5	100	Points	'Primordial'	885.71	80.56	1	Points	'Primordial'	885.46	79.05	1
DP28_25081_Section3_10X_ome_copy.tif - MIA	0.2	100	Points	'Primary'	499.14	1527.3	1	Points	'Primary'	499.07	1527.5	1
DP28_25081_Section3_10X_ome_copy.tif - MIA	14.8	100	Points	'Transitional Primordial'	520.06	1563.0	1	Points	'Multi-oocytic'	526.66	1549.8	2
DP28_25081_Section3_10X_ome_copy.tif - MIA	0.5	100	Points	'Primordial'	1371.8	1365.2	1	Points	'Primordial'	1372.0	1365.7	1
DP28_25081_Section3_10X_ome_copy.tif - MIA	12.2	100	Points	'Primary'	474.85	1495.7	1	Points	'Primordial'	463.13	1499.1	1
DP28_25081_Section3_10X_ome_copy.tif - MIA	0.9	100	Points	'Primordial'	833.5	67.05	1	Points	'Primordial'	833.68	66.18	1
DP28_25081_Section3_10X_ome_copy.tif - MIA	0.2	100	Points	'Primordial'	1016.6	1656.0	1	Points	'Primordial'	1016.7	1656.2	1
DP28_25081_Section3_10X_ome_copy.tif - MIA	8.2	100	Points	'Primordial'	175.75	338.46	1	Points	'Primordial'	182.3	333.6	2
DP28_25081_Section3_10X_ome_copy.tif - MIA	5.3	100	Points	'Transitional Primordial'	1131.3	165.52	1	Points	'Primordial'	1135.7	168.4	3
DP28_25081_Section3_10X_ome_copy.tif - MIA	0.9	100	Points	'Primordial'	560.17	1637.3	1	Points	'Primordial'	560.61	1638.1	1
DP28_25081_Section3_10X_ome_copy.tif - MIA	1.6	100	Points	'Primordial'	442.81	96.47	1	Points	'Primordial'	444.04	95.41	1
DP28_25081_Section3_10X_ome_copy.tif - MIA	0.4	100	Points	'Primordial'	353.09	1359.8	1	Points	'Primordial'	352.68	1359.7	1
DP28_25081_Section3_10X_ome_copy.tif - MIA	1.2	200	Points	'Transitional Primary'	364.72	1266.8	1	Points	'Primary'	365.15	1267.9	3
DP28_25081_Section3_10X_ome_copy.tif - MIA	1.5	100	Points	'Primordial'	1126.7	1554.0	1	Points	'Primordial'	1126.4	1552.5	1
DP28_25081_Section3_10X_ome_copy.tif - MIA	12.0	100	Points	'Primordial'	943.82	93.69	1	Points	'Primordial'	932.73	98.15	1
DP28_25081_Section3_10X_ome_copy.tif - MIA	0.7	100	Points	'Primordial'	1093.2	143.08	1	Points	'Primordial'	1093.8	142.66	1
DP28_25081_Section3_10X_ome_copy.tif - MIA	8.4	200	Points	'Transitional Primary'	383.16	1320.1	1	Points	'Primordial'	388.18	1326.8	3
DP28_25081_Section3_10X_ome_copy.tif - MIA	1.8	100	Points	'Transitional Primordial'	589.33	1691.5	1	Points	'Primordial'	588.55	1693.1	2
DP28_25081_Section3_10X_ome_copy.tif - MIA	35.0	500	Polygon	'Atretic Antral'	1099.3	330.12	1	Points	'Atretic Antral'	1109.2	363.67	1
DP28_25081_Section3_10X_ome_copy.tif - MIA	1.2	100	Points	'Primary'	339.5	1239.5	1	Points	'Transitional Primordial'	338.42	1240.1	1
DP28_25081_Section3_10X_ome_copy.tif - MIA	0.9	100	Points	'Primordial'	373.93	1344.2	1	Points	'Primordial'	373.19	1343.7	2
DP28_25081_Section3_10X_ome_copy.tif - MIA	18.4	100	Points	'Primordial'	320.75	1261.3	1	Points	'Primordial'	317.48	1243.2	3
DP28_25081_Section3_10X_ome_copy.tif - MIA	1.3	100	Points	'Primordial'	451.7	102.1	1	Points	'Primordial'	452.65	101.26	1
DP28_25081_Section3_10X_ome_copy.tif - MIA	0.9	200	Points	'Transitional Primary'	1496.4	992.73	1	Points	'Primary'	1497.3	992.53	1
DP28_25081_Section3_10X_ome_copy.tif - MIA	1.2	100	Points	'Primordial'	963.61	1653.1	1	Points	'Primordial'	963.51	1651.9	1
DP28_25081_Section3_10X_ome_copy.tif - MIA	2.5	100	Points	'Primordial'	661.83	1740.9	1	Points	'Primordial'	664.24	1741.5	1
DP28_25081_Section3_10X_ome_copy.tif - MIA	0.8	100	Points	'Primordial'	1051.8	131.33	1	Points	'Primordial'	1052.6	131.08	1
DP28_25081_Section3_10X_ome_copy.tif - MIA	2.2	100	Points	'Primordial'	889.47	1674.7	1	Points	'Primordial'	887.26	1674.4	1
DP28_25081_Section3_10X_ome_copy.tif - MIA	0.4	100	Points	'Primordial'	1390.5	1342.1	1	Points	'Primordial'	1390.6	1342.5	1
DP28_25081_Section3_10X_ome_copy.tif - MIA	0.7	100	Points	'Primordial'	1042.0	120.49	1	Points	'Primordial'	1042.7	120.61	1
DP28_25081_Section3_10X_ome_copy.tif - MIA	2.0	100	Points	'Primordial'	961.7	1673.7	1	Points	'Primordial'	961.61	1675.7	1
DP28_25081_Section3_10X_ome_copy.tif - MIA	0.5	100	Points	'Transitional Primordial'	1107.7	153.31	1	Points	'Primordial'	1107.7	152.79	4
DP28_25081_Section3_10X_ome_copy.tif - MIA	1.2	100	Points	'Primordial'	300.78	168.87	1	Points	'Primordial'	300.05	167.9	1
DP28_25081_Section3_10X_ome_copy.tif - MIA	0.5	100	Points	'Primordial'	1095.4	1595.3	1	Points	'Primordial'	1094.9	1595.5	1
DP28_25081_Section3_10X_ome_copy.tif - MIA	1.0	100	Points	'Primordial'	1484.7	914.29	1	Points	'Primordial'	1483.9	913.68	1
DP28_25081_Section3_10X_ome_copy.tif - MIA	8.5	100	Points	'Primordial'	552.96	1641.9	1	Points	'Primordial'	560.61	1638.1	2
DP28_25081_Section3_10X_ome_copy.tif - MIA	4.6	500	Polygon	'Atretic Antral'	1404.5	1234.5	1	Points	'Antral'	1400.9	1237.3	1
DP28_25081_Section3_10X_ome_copy.tif - MIA	7.7	100	Points	'Primordial'	229.37	269.5	1	Points	'Primordial'	237.1	269.95	2
DP28_25081_Section3_10X_ome_copy.tif - MIA	0.3	100	Points	'Primordial'	519.56	1582.6	1	Points	'Primordial'	519.74	1582.9	1
DP28_25081_Section3_10X_ome_copy.tif - MIA	2.0	100	Points	'Primordial'	235.49	235.12	1	Points	'Primordial'	235.18	237.07	1
DP28_25081_Section3_10X_ome_copy.tif - MIA	0.2	200	Points	'Transitional Primary'	547.6	1566.1	1	Points	'Transitional Primordial'	547.46	1566.3	1
DP28_25081_Section3_10X_ome_copy.tif - MIA	3.2	500	Polygon	'Atretic Antral'	779.33	178.13	1	Points	'Atretic Antral'	778.93	181.32	1
DP28_25081_Section3_10X_ome_copy.tif - MIA	2.1	100	Points	'Primordial'	1236.1	269.84	1	Points	'Primordial'	1236.9	267.95	2
DP28_25081_Section3_10X_ome_copy.tif - MIA	1.6	200	Points	'Transitional Primary'	436.79	1395.1	1	Points	'Transitional Primary'	435.26	1394.5	2
DP28_25081_Section3_10X_ome_copy.tif - MIA	0.3	100	Points	'Primordial'	1280.6	281.3	1	Points	'Primordial'	1280.5	281.59	2
DP28_25081_Section3_10X_ome_copy.tif - MIA	23.0	100	Points	'Transitional Primordial'	331.22	1265.1	1	Points	'Primordial'	325.93	1242.7	3
DP28_25081_Section3_10X_ome_copy.tif - MIA	1.6	100	Points	'Multilayer'	794.45	1329.3	1	Points	'Unkown?'	794.41	1327.7	1
DP28_25081_Section3_10X_ome_copy.tif - MIA	9.3	100	Points	'Primordial'	213.04	298.36	1	Points	'Primordial'	211.37	289.24	2
DP28_25081_Section3_10X_ome_copy.tif - MIA	0.2	100	Points	'Primordial'	810.83	1686.5	1	Points	'Primordial'	810.71	1686.6	2
DP28_25081_Section3_10X_ome_copy.tif - MIA	0.7	100	Points	'Primordial'	1058.1	1609.2	1	Points	'Primordial'	1057.7	1608.6	1
DP28_25081_Section3_10X_ome_copy.tif - MIA	10.9	100	Points	'Primordial'	447.46	1437.7	1	Points	'Primordial'	437.62	1433.1	2
DP28_25081_Section3_10X_ome_copy.tif - MIA	1.7	100	Points	'Primordial'	1036.0	1643.2	1	Points	'Primordial'	1034.6	1642.3	1
DP28_25081_Section3_10X_ome_copy.tif - MIA	1.4	100	Points	'Secondary'	341.51	147.48	1	Points	'Transitional Primordial'	342.88	147.45	2
DP28_25081_Section3_10X_ome_copy.tif - MIA	8.7	100	Points	'Transitional Primordial'	382.97	1349.5	1	Points	'Primordial'	380.36	1357.8	2
DP28_25081_Section3_10X_ome_copy.tif - MIA	2.3	100	Points	'Primordial'	735.08	1731.3	1	Points	'Primordial'	734.06	1729.2	1
DP28_25081_Section3_10X_ome_copy.tif - MIA	0.2	100	Points	'Transitional Primordial'	1178.9	1551.5	1	Points	'Transitional Primordial'	1179.1	1551.6	2
DP28_25081_Section3_10X_ome_copy.tif - MIA	8.1	100	Points	'Primordial'	849.98	1717.3	1	Points	'Primordial'	842.03	1718.6	2
DP28_25081_Section3_10X_ome_copy.tif - MIA	7.6	100	Points	'Primordial'	344.39	130.59	1	Points	'Primordial'	351.99	130.59	1
DP28_25081_Section3_10X_ome_copy.tif - MIA	0.1	100	Points	'Primordial'	332.22	1297.1	1	Points	'Primordial'	332.08	1297.1	1
DP28_25081_Section3_10X_ome_copy.tif - MIA	0.5	100	Points	'Primordial'	298.89	1160.0	1	Points	'Primordial'	299.19	1160.4	1
DP28_25081_Section3_10X_ome_copy.tif - MIA	0.9	100	Points	'Primordial'	1446.6	516.72	1	Points	'Primordial'	1447.0	515.93	1
DP28_25081_Section3_10X_ome_copy.tif - MIA	0.2	100	Points	'Primordial'	916.71	1682.7	1	Points	'Primordial'	916.83	1682.9	1
DP28_25081_Section3_10X_ome_copy.tif - MIA	0.4	100	Points	'Primordial'	1129.3	1582.5	1	Points	'Primordial'	1128.9	1582.3	1
DP28_25081_Section3_10X_ome_copy.tif - MIA	7.1	100	Points	'Primordial'	495.38	1546.7	1	Points	'Primordial'	489.63	1550.9	4
DP28_25081_Section3_10X_ome_copy.tif - MIA	0.7	100	Points	'Primordial'	590.84	1681.6	1	Points	'Primordial'	590.44	1682.2	1
DP28_25081_Section3_10X_ome_copy.tif - MIA	0.8	100	Points	'Secondary'	1214.7	257.66	1	Points	'Secondary'	1215.2	257.03	1
DP28_25081_Section3_10X_ome_copy.tif - MIA	10.3	100	Points	'Primordial'	250.14	198.51	1	Points	'Primordial'	242.37	205.34	2
DP28_25081_Section3_10X_ome_copy.tif - MIA	1.5	100	Points	'Primordial'	400.73	1403.4	1	Points	'Primordial'	401.27	1402.0	1
DP28_25081_Section3_10X_ome_copy.tif - MIA	0.1	100	Points	'Primordial'	763.53	41.35	1	Points	'Primordial'	763.58	41.43	2
DP28_25081_Section3_10X_ome_copy.tif - MIA	24.3	500	Points	'Antral'	269.01	228.12	1	Points	'Transitional Primordial'	290.59	216.94	3
DP28_25081_Section3_10X_ome_copy.tif - MIA	1.0	100	Points	'Transitional Primordial'	1018.5	116.88	1	Points	'Transitional Primordial'	1018.7	115.88	1
DP28_25081_Section3_10X_ome_copy.tif - MIA	0.2	100	Points	'Primordial'	564.44	92.62	1	Points	'Primordial'	564.35	92.5	1
DP28_25081_Section3_10X_ome_copy.tif - MIA	0.9	100	Points	'Primordial'	449.85	1496.4	1	Points	'Primordial'	448.99	1496.3	2
DP28_25081_Section3_10X_ome_copy.tif - MIA	2.3	100	Points	'Primordial'	574.79	1657.4	1	Points	'Primordial'	572.73	1658.4	1
DP28_25081_Section3_10X_ome_copy.tif - MIA	12.5	100	Points	'Transitional Primordial'	1363.4	1375.0	1	Points	'Primordial'	1353.3	1382.4	3
DP28_25081_Section3_10X_ome_copy.tif - MIA	7.7	100	Points	'Primordial'	179.01	312.27	1	Points	'Primordial'	183.12	305.78	2
DP28_25081_Section3_10X_ome_copy.tif - MIA	10.7	100	Points	'Primordial'	942.87	1684.3	1	Points	'Primordial'	933.31	1689.2	3
DP28_25081_Section3_10X_ome_copy.tif - MIA	7.3	100	Points	'Transitional Primordial'	1083.6	130.54	1	Points	'Primordial'	1080.3	137.04	4
DP28_25081_Section3_10X_ome_copy.tif - MIA	7.0	100	Points	'Primary'	808.72	62.11	1	Points	'Primordial'	803.95	67.29	4
DP28_25081_Section3_10X_ome_copy.tif - MIA	0.4	100	Points	'Primordial'	1272.2	1483.2	1	Points	'Primordial'	1271.9	1482.9	1
DP28_25081_Section3_10X_ome_copy.tif - MIA	0.5	100	Points	'Primordial'	1064.3	1603.1	1	Points	'Primordial'	1064.8	1602.9	1
DP28_25081_Section3_10X_ome_copy.tif - MIA	6.0	100	Points	'Transitional Primordial'	1119.2	1601.3	1	Points	'Primordial'	1114.4	1604.9	2
DP28_25081_Section3_10X_ome_copy.tif - MIA	0.6	100	Points	'Primordial'	1416.7	437.1	1	Points	'Primordial'	1417.3	437.35	1
DP28_25081_Section3_10X_ome_copy.tif - MIA	1.0	100	Points	'Primordial'	554.74	1582.5	1	Points	'Primordial'	554.09	1581.8	1
DP28_25081_Section3_10X_ome_copy.tif - MIA	2.3	100	Points	'Primordial'	672.4	1717.9	1	Points	'Primordial'	670.14	1718.3	1
DP28_25081_Section3_10X_ome_copy.tif - MIA	0.8	100	Points	'Primordial'	1166.5	188.62	1	Points	'Primordial'	1167.3	188.85	1
DP28_25081_Section3_10X_ome_copy.tif - MIA	0.3	100	Points	'Primordial'	462.8	1499.2	1	Points	'Primordial'	463.13	1499.1	2
DP28_25081_Section3_10X_ome_copy.tif - MIA	1.3	100	Points	'Transitional Primordial'	878.99	1707.3	1	Points	'Primordial'	880.13	1707.9	1
DP28_25081_Section3_10X_ome_copy.tif - MIA	0.7	100	Points	'Primordial'	1089.0	1620.8	1	Points	'Primordial'	1089.2	1620.1	1
DP28_25081_Section3_10X_ome_copy.tif - MIA	1.2	100	Points	'Primordial'	529.94	1575.7	1	Points	'Primordial'	531.17	1575.9	1
